18.2029,15.7048,-2.03921
78.653,28.4794,-4.67194
81.051,35.6707,1.78498
21.1959,12.2146,2.97513
25.305,15.5925,4.49175
69.2841,43.1437,13.1718
46.8214,34.0253,13.0033
70.9488,44.1384,12.923
78.2663,48.7075,14.5391
64.1397,43.3933,14.5846
76.6333,58.029,19.2226
64.9829,51.4063,20.0763
30.9527,31.3428,13.9973
52.2612,43.853,17.8291
50.7385,42.9764,15.7233
25.4501,31.7221,16.278
53.1362,44.2326,16.056
33.4199,35.5187,16.329
42.4452,39.6469,15.3633
66.7713,49.6433,18.4889
49.5329,44.1026,14.1958
71.0807,52.542,18.9748
51.0958,44.8886,13.6586
72.5432,54.2194,18.5821
61.5795,48.6678,18.8296
43.8173,43.0285,19.6177
20.394,33.8765,22.0864
26.5349,37.9932,22.8286
49.7786,47.5148,23.3318
33.3075,42.2515,22.4968
57.1551,51.1562,25.7591
38.019,46.3803,20.065
62.1825,53.7127,25.824
34.2035,43.657,19.5993
26.1599,37.6419,19.1449
19.8956,32.8403,18.2925
21.9079,36.4068,16.3619
18.8163,34.4777,16.3041
12.2652,30.9033,16.5738
38.8062,40.5196,20.0022
11.1131,28.442,21.7808
1.76234,33.6116,17.1562
21.8301,31.5263,16.5434
-9.66694,29.4565,19.0261
16.3046,29.0049,49.0575
28.3385,41.1074,47.259
46.8417,40.9675,45.1668
22.1346,38.8665,49.4406
15.0512,34.8773,50.3476
6.80446,29.099,51.13
56.1191,44.0736,42.5821
43.1883,42.7409,43.7443
61.2848,47.1619,42.1223
37.0117,41.5831,44.2426
58.6877,47.1141,41.3366
29.8546,39.5491,44.8711
22.3748,37.4119,44.849
16.241,35.1717,43.7369
39.9149,41.3094,38.9517
33.0079,38.1063,37.2518
19.3133,35.1432,41.5614
36.7099,44.3646,38.4213
42.9012,48.491,36.4815
58.2713,50.7512,34.3024
47.0397,52.4521,34.2139
65.34,54.4519,32.2069
49.0678,55.3126,32.4446
42.5223,54.2594,30.4254
28.5044,44.3524,28.1741
47.436,48.6742,24.6031
43.9817,47.4184,23.6495
41.9576,46.6785,22.5352
44.5123,46.8398,20.6999
30.0986,39.0554,22.48
48.1677,47.9245,19.7598
54.8512,50.4731,18.2076
47.0417,47.7982,17.6152
64.5372,53.6118,16.5686
53.2761,50.3802,15.8557
56.3819,51.0066,14.4078
73.2862,57.9092,14.3082
51.0034,46.2396,12.7053
72.5273,56.512,12.9074
67.5156,53.3422,12.6266
60.8594,50.0762,12.6089
26.8825,33.2183,13.9793
53.8352,47.0387,12.2953
45.7731,43.5931,12.2744
41.1546,41.8109,12.0113
38.5042,40.4048,11.5738
39.7445,40.2877,9.90885
23.5677,32.4238,14.5608
45.3365,43.2274,9.99444
34.1929,38.2547,14.0151
52.7587,46.4599,10.3415
43.4952,43.015,13.5881
60.8906,50.7296,10.6089
52.5246,47.7321,13.9179
68.1259,55.2789,11.6599
62.0826,54.4463,14.3905
75.7208,60.7135,13.9085
65.7908,58.3165,15.7471
79.8234,63.6883,15.3091
65.7249,60.9682,17.4727
62.8072,61.9842,19.7101
81.2309,65.281,17.8823
57.8626,61.0442,22.5759
77.7883,63.1382,19.988
69.7106,58.7834,21.3243
44.2926,53.7452,25.4234
41.2706,50.3999,26.5379
61.6121,54.2203,23.1848
42.0732,48.1846,28.0268
58.7842,53.2783,24.6118
46.2777,49.9622,28.4849
60.0746,54.3431,25.3647
52.2819,53.0149,28.8319
59.0966,56.9768,29.185
67.4262,59.0584,27.7933
65.6958,60.6186,29.8489
72.4478,64.1951,30.2249
77.5208,65.7344,31.9834
69.1026,60.8383,30.0104
80.3415,66.75,29.7594
59.3563,56.0939,31.6626
51.8892,51.9903,32.4829
44.87,48.2255,33.0986
62.4073,55.6677,29.0528
58.2086,53.7669,29.0266
37.7748,44.5709,33.7619
53.9938,51.9015,28.9667
41.2235,46.7844,33.7241
55.1265,52.2245,29.1238
46.9881,50.387,33.5613
56.3478,56.128,32.581
65.0005,56.3337,31.6375
66.9589,62.4004,31.8777
67.7041,62.9954,33.6953
77.1609,63.9128,31.8771
61.1834,61.2567,34.5492
55.2356,59.6538,33.1827
46.3499,56.2961,31.2786
62.5338,55.9074,25.2408
40.9506,53.5408,29.8515
57.4718,53.3966,23.2563
37.5051,51.5535,28.6694
53.818,51.8122,21.876
35.7954,50.954,27.0805
51.1596,51.087,20.7033
37.6273,51.5239,26.2632
40.6285,53.4085,25.2478
52.6617,51.103,19.3673
43.7472,55.1136,24.4211
56.1251,52.2672,18.7158
48.6456,58.4617,23.718
60.1069,54.1462,18.528
52.2431,61.4493,25.0016
63.3906,56.6902,19.7278
54.1623,63.4199,25.987
64.778,58.5763,21.1112
56.3583,63.5279,27.2331
57.5634,63.9947,28.0807
66.6781,59.8711,23.1349
65.3952,62.4252,25.4671
60.2162,62.4182,29.8993
66.2197,62.024,27.0872
62.9272,63.7846,32.1461
69.6972,62.3821,28.4993
66.2294,65.7362,33.5675
73.6824,63.5684,29.1979
72.1339,69.4541,35.7271
77.1129,71.5861,37.8761
86.8194,67.1013,31.021
82.1013,72.9776,39.8187
105.409,63.5453,31.8094
107.604,60.3556,31.3112
86.7537,63.3336,44.1436
89.0273,62.1374,42.7466
93.0046,59.6743,40.944
94.4086,57.1453,47.011
92.4869,56.972,50.6483
89.6499,55.4753,53.787
105.334,50.7247,26.5101
82.187,41.4894,52.4004
81.5096,37.5222,48.0007
87.0848,38.3497,60.5702
79.4254,38.904,67.3812
84.1555,43.5838,57.2845
107.642,58.301,28.4708
110.961,61.4662,23.3557
109.283,64.4533,26.0239
76.5802,48.4884,49.1253
85.1811,55.7224,44.1633
81.9183,53.5601,45.2659
79.5134,41.3655,43.9599
84.6431,44.6246,41.6405
105.6,56.0816,24.1464
105.506,56.7125,19.5241
101.939,48.1987,19.9738
70.6384,28.2758,44.8674
68.8367,26.1617,45.1523
70.9729,25.412,42.8322
75.1434,27.0137,39.8115
98.1724,45.5705,20.7282
104.172,35.0496,17.3815
86.3029,21.4644,21.6919
89.187,19.0622,18.7408
85.6322,14.2877,18.7629
82.5036,12.4861,20.8176
98.4014,27.5862,-15.572
93.9843,1.02594,10.8479
75.1322,19.7609,32.7326
40.7342,18.8664,61.0166
78.4851,39.126,44.1974
59.9271,16.4463,51.2528
74.9107,20.0752,41.1034
54.9152,5.4895,47.0245
60.1668,6.10123,43.067
77.9974,14.2881,29.3893
81.1711,15.7372,25.6679
107.524,56.93,5.92253
110.598,59.11,5.30592
112.793,61.2557,6.05623
114.946,63.4183,8.85105
119.799,66.2547,10.5001
114.8,50.4663,11.2916
123.561,69.2672,13.859
104.33,70.9568,23.8703
103.452,68.33,28.0784
103.058,74.0957,26.3587
83.2464,66.6466,38.3065
100.265,74.5174,29.0175
97.4189,74.4992,31.3963
76.4881,66.5265,41.4955
94.1036,74.1024,32.9567
71.9018,64.892,42.4341
89.7999,72.3213,33.5555
67.7865,63.0253,42.5479
86.1178,70.838,33.7037
64.2509,60.9515,42.0692
82.5625,69.0839,33.2357
60.9701,58.9406,41.8298
79.0379,67.3865,33.3103
57.1878,56.0716,40.672
74.9802,65.0352,32.9012
54.435,53.8613,39.9413
72.1438,63.6151,32.2613
51.4653,51.6497,39.1694
48.3314,49.7489,38.8909
66.5347,61.2239,32.0209
62.1511,58.9703,32.675
39.2796,44.2334,40.3591
58.5341,56.6591,33.7105
54.4965,54.1174,35.2723
29.3031,37.9641,43.1988
49.826,51.1361,36.8675
23.8653,34.1058,44.7251
43.8685,47.77,38.5832
34.919,41.8852,40.1789
27.3062,36.7118,41.5743
33.3599,37.8822,48.0207
39.1982,40.5254,47.0623
43.7379,42.0219,46.6547
48.5456,42.2044,46.7562
34.6496,36.928,50.0844
51.3173,41.5141,47.6231
-44.9116,57.6683,65.1776
-44.8192,63.8814,58.8407
-59.742,58.5628,40.9066
-46.0125,67.9715,50.0878
-61.2744,59.7093,29.0928
-47.7948,69.727,37.9819
-63.1274,56.9864,14.4585
-49.7613,67.8307,22.5712
-51.0374,62.7319,9.94445
-51.1304,53.8856,-1.03874
-159.354,203.792,174.705
-172.631,196.197,183.518
-180.413,189.602,184.973
-200.673,178.53,190.742
-177.472,202.309,167.55
-193.789,192.686,174.794
-219.414,187.13,181.917
-194.462,204.171,162.54
71.3214,16.3499,41.048
69.007,13.7734,41.5194
-186.92,219.181,169.544
-198.27,226.241,164.038
71.9259,-10.9643,19.8333
73.4152,-13.9092,16.1166
61.5753,7.74573,-9.27982
70.1102,39.9111,15.6343
64.7967,35.2238,13.3716
49.9253,29.1305,6.40876
66.2532,37.448,12.0273
56.5407,35.2374,8.33298
65.6254,45.9437,12.1621
80.5336,58.8079,19.2702
64.2666,44.3011,12.4597
60.3378,40.6756,11.7808
57.4518,31.3112,11.3128
50.6646,32.5426,12.7377
38.8777,34.9283,15.3715
46.9801,38.0411,17.0673
42.6868,39.5041,19.5653
40.3267,39.091,19.5636
34.9903,36.9559,18.9997
31.5745,36.694,20.6361
34.1345,38.5995,21.6875
36.614,39.7336,22.2114
41.0935,29.846,11.7286
29.387,23.8697,54.068
27.6289,31.0571,44.3129
38.3685,39.98,38.3765
35.6336,39.7984,35.9261
33.6231,39.2388,34.2715
17.5649,29.7979,37.1971
29.3594,38.2108,31.0004
27.8156,37.2723,28.8302
30.2308,38.7609,28.95
25.5414,36.0069,32.9041
32.8673,39.4959,31.4809
49.1102,47.3093,26.2806
40.1116,40.2242,23.6177
54.9526,47.2532,21.1004
43.716,31.6094,5.70401
52.633,34.8422,7.07404
43.342,22.9925,6.88016
53.2428,24.3626,4.91311
32.9997,15.0862,3.48994
46.6663,18.6518,3.00512
42.9361,1.62337,-6.35096
63.3644,10.9174,-9.705
71.7007,14.9189,-10.2472
79.5976,18.5599,-10.2045
70.2982,11.6939,-10.0887
4.79442,28.0675,23.0184
16.9923,37.6778,30.5281
14.4004,37.0541,32.7908
4.47865,35.0278,34.1673
3.42836,40.3814,32.7683
3.64429,38.9734,28.4023
5.84096,34.9395,23.7701
8.69565,32.109,20.0678
1.29417,29.9275,19.0944
1.79894,34.0327,19.2465
1.59985,37.6127,23.9659
5.41795,41.7723,25.6518
10.0552,41.3111,25.6219
14.4,39.2968,27.5761
14.5618,33.0978,34.1555
10.988,39.5455,33.0001
14.1674,41.7096,30.2772
19.3835,41.4886,28.2138
1.89039,28.0278,29.9426
25.6117,41.7162,27.3827
33.0579,44.26,27.8391
35.019,44.9678,26.226
27.8427,42.8939,25.325
22.9103,41.7431,24.7633
19.7169,40.8992,25.1177
15.467,37.0244,26.6464
26.2449,42.3893,29.1205
19.0026,33.4661,33.0743
36.9389,46.4083,31.3929
28.2491,37.0884,33.313
33.1815,43.3746,32.6718
18.5038,36.8443,29.4485
16.8932,38.1977,35.3838
25.3911,40.6711,37.7845
33.8916,42.8803,40.0137
40.6027,44.504,40.846
25.4694,34.0902,40.4303
45.2885,45.5001,40.5087
42.4173,44.0058,40.5533
17.8404,31.5658,38.8412
25.6217,37.6425,40.9799
14.2597,33.1111,41.1671
31.5896,32.0541,43.6147
23.6066,34.9846,46.9497
27.2468,36.0508,47.8866
-19.7639,37.1504,36.5961
-14.495,40.206,29.2763
-8.97308,39.761,22.0178
-6.80392,36.1835,18.6036
-5.8075,31.4008,16.2884
13.5577,18.4554,3.49761
21.7772,18.1382,0.909987
24.5558,17.8947,-1.03448
18.9911,16.9074,1.51815
26.9696,17.8325,-2.58951
29.5282,17.762,-2.98971
31.9856,16.2619,-3.23681
29.8052,6.91875,-2.93108
77.6241,11.5305,-13.7709
69.8561,4.25517,-13.5739
109.101,45.9553,0.152799
97.0625,41.4036,-3.77645
88.2127,33.6789,-5.64862
78.2548,24.2498,-4.54165
79.4865,33.2058,0.0596374
96.6923,48.267,4.6297
97.0897,48.6308,7.1919
103.579,53.4352,9.00716
70.737,35.0633,3.38651
65.9861,33.3355,2.35344
63.3583,33.6589,3.58347
66.406,36.6154,5.28847
71.9565,41.0184,7.87525
84.2457,54.5181,15.3992
67.344,42.7407,13.604
46.8518,35.245,11.6756
36.4115,29.3474,10.1608
8.09365,23.3725,10.4837
37.2077,34.2692,14.1928
40.4455,36.5207,16.1828
22.1712,28.9139,11.6187
36.1377,34.8652,16.0065
28.4022,31.9436,14.9572
13.3939,27.9062,12.3416
-1.01893,24.756,10.2081
10.4258,30.699,18.4655
7.63342,27.7393,14.3104
1.36604,25.8798,13.8724
9.03638,29.8495,24.0236
2.46797,25.5341,25.2652
22.2794,31.1866,38.3564
4.27846,27.9479,37.6968
14.4136,35.1066,38.5908
8.63071,31.4195,38.8955
42.8343,18.9885,58.008
52.1136,23.5684,53.8135
29.1358,19.256,65.0737
35.0892,20.6844,65.263
44.4354,26.0888,60.9757
67.9287,36.8395,45.6979
58.1727,30.7068,51.3935
63.6652,34.3996,48.0669
62.2226,36.6301,48.8364
60.6693,39.4281,49.3961
58.3986,42.397,50.2862
57.3081,36.1688,53.0442
63.0149,44.9135,49.3277
70.3681,47.6948,44.7267
65.7548,42.1465,47.7581
68.2385,43.9811,45.5751
78.2212,51.4579,41.4066
70.3129,45.6878,44.28
79.9846,54.9161,41.0835
67.4933,46.34,47.9882
76.669,54.5462,41.7998
70.6791,53.1096,42.9777
56.8257,42.192,51.8075
66.4418,51.9583,44.7066
52.6781,40.6894,53.8158
49.4741,39.4859,55.3778
60.4062,49.4475,49.1358
47.0396,37.6377,57.3195
57.1661,48.1336,51.8196
49.9973,34.8139,56.8622
55.6403,33.3404,54.6672
80.1696,41.5506,40.5974
88.5659,41.6191,29.218
89.4129,41.5557,23.876
84.473,41.3673,20.2263
57.5077,26.6252,55.6526
74.9888,38.8948,32.7755
53.1437,17.323,53.7717
62.008,16.6006,46.1584
71.9849,17.4035,32.2854
73.8599,15.8308,29.4401
75.5307,16.3742,25.5224
70.0592,13.4843,29.6962
64.2822,11.3459,34.2499
58.7588,9.21234,38.701
53.1985,7.15621,41.9926
65.4544,4.75601,30.2767
74.36,6.75017,22.2291
68.849,6.32684,27.8447
61.7173,6.37586,34.4898
46.3847,8.81492,52.0932
56.4422,7.78684,42.6607
74.7988,-0.999764,19.5641
69.7103,4.4088,32.3938
51.5317,12.1856,53.4232
49.1914,5.51275,52.314
61.5861,13.446,44.4416
57.6251,6.69128,45.8698
67.4177,10.2793,35.4868
61.9026,7.45814,39.762
65.4106,6.93023,38.2231
44.2882,3.33507,53.3098
78.8687,-2.33028,14.9638
64.9535,-4.46377,28.8476
14.0526,12.2524,-0.465972
8.35033,9.18407,-0.347321
-0.0243793,4.88833,-0.418264
-16.2135,-1.06145,-2.35872
-14.145,0.0701366,-1.07506
13.5981,6.92691,-0.497548
-7.81995,1.87236,-0.176775
3.63688,4.38313,-0.0721862
9.98715,4.38707,-0.685538
3.65001,-4.49413,-1.80554
-10.8056,-10.5969,-4.70359
-16.432,-11.8225,-4.13798
11.2446,-3.83386,-2.37294
-12.8665,-9.6585,-3.4105
-5.28191,-6.44482,-2.40206
21.9633,0.414233,-1.41736
5.23465,-5.22876,-3.36044
-16.4641,-13.7384,-6.90146
-20.0611,-15.3141,-8.12601
12.4925,-6.67848,-4.32056
-8.61596,-9.51679,-4.1534
8.67035,-6.09301,-4.57871
-1.76012,-10.3873,-5.74758
-10.0548,-14.2622,-6.43518
-12.6519,-13.6701,-6.40611
-5.29812,-9.64668,-3.26964
7.12614,-5.59037,-1.39335
15.3612,-4.24587,-1.80673
2.84502,-11.9003,-4.83464
-7.21379,-17.9793,-5.58812
-12.8195,-22.4403,-6.35021
-5.28976,-20.8963,-6.49659
5.06248,-19.0022,-5.60558
2.08384,-21.2736,-5.21608
-3.69529,-23.2527,-5.89743
-8.74021,-24.6652,-6.46242
-10.4725,-23.7107,-5.95556
-7.23954,-21.6441,-6.06199
-2.07571,-20.4138,-6.33737
0.630836,-20.7159,-6.27446
-1.3414,-22.4581,-6.52226
-7.45765,-26.4398,-6.70484
-4.89305,-25.867,-6.29781
-0.0645159,-24.9522,-6.08903
3.00971,-25.5331,-5.96869
1.5427,-27.3346,-6.41532
-2.64931,-29.3702,-6.68834
-9.27851,-31.2554,-6.71455
-10.891,-30.99,-6.944
-8.7129,-29.5769,-7.12174
2.49427,-28.5638,-6.78954
-1.40313,-31.0113,-6.84645
-9.78065,-34.6939,-7.30061
-14.4087,-36.4163,-7.87864
-15.8794,-36.4498,-7.76805
13.5108,-29.9618,-6.44449
-13.5845,-35.0251,-7.32249
-5.48394,-32.2186,-6.30224
22.9046,-27.6076,-7.05896
0.36929,-32.0958,-6.1224
2.21295,-33.7885,-6.13768
-1.15843,-36.3787,-5.91215
-11.3214,-40.4995,-6.33697
-20.3926,-44.3064,-6.47055
10.3099,-36.2598,-7.73884
-27.4179,-47.6679,-6.5352
3.46327,-40.9006,-6.16175
-30.6902,-49.5889,-6.47259
1.14567,-43.6459,-5.05037
-26.9499,-48.449,-6.94921
4.42513,-43.481,-5.03451
-19.4604,-46.7362,-6.27394
11.4083,-41.7522,-5.98431
-10.5598,-45.3197,-5.73397
-3.81483,-45.7612,-4.92325
-3.66845,-48.4116,-4.53144
-10.669,-50.6679,-3.99591
-20.7728,-52.7564,-4.13335
10.5161,-45.8032,-6.61937
-30.2468,-55.8395,-4.41965
-0.123808,-49.7659,-4.78179
-4.39698,-53.3461,-3.15597
-34.6528,-57.9962,-4.5147
-2.0842,-52.9847,-3.26293
-28.3619,-55.7814,-4.49711
-21.6658,-54.1659,-4.50661
-14.7826,-53.4006,-3.98963
-14.6456,-54.673,-2.92715
17.5231,-47.834,-5.07238
-19.9735,-55.8558,-2.85589
11.3292,-48.6619,-4.23636
-27.7697,-57.858,-3.41932
2.93859,-51.0521,-3.72919
-36.9211,-60.4111,-4.46993
-5.3048,-55.3499,-3.02667
-33.7592,-59.9645,-3.91742
-1.6005,-56.3928,-2.6003
-27.1366,-59.8931,-3.11605
-16.9834,-63.504,-0.35373
-18.4803,-65.8811,0.867388
-24.6985,-68.3443,1.40264
7.52191,-63.7918,-1.25937
-32.6031,-70.9617,1.54418
-39.0275,-72.458,0.636635
-41.6835,-71.3287,-0.916659
-12.085,-67.5677,0.393624
-10.2098,-66.3032,0.656938
-34.2787,-65.6492,-0.78958
-5.08209,-63.4964,0.245117
-27.321,-63.1172,-1.07912
1.71697,-60.8722,-0.898543
-21.7872,-62.4145,-1.22667
8.67379,-59.1747,-1.63385
-25.3571,-63.3143,-1.07771
6.42912,-58.504,-2.46088
-32.4334,-64.238,-1.69103
-0.216555,-59.2001,-2.25323
-39.9724,-65.6986,-2.36429
-10.0571,-61.2641,-1.51965
-46.3034,-65.5693,-3.40748
-40.1938,-63.3782,-3.10918
-28.352,-60.2906,-2.9011
1.8717,-59.3621,-1.68829
-19.1187,-58.9135,-2.61956
-11.6989,-57.9836,-1.95744
-6.98452,-57.8537,-1.45022
-6.98672,-59.6012,-1.28703
-11.9311,-60.9911,-0.746326
23.273,-56.1381,-4.82482
-19.4432,-63.0776,-0.619321
-28.8683,-66.0582,-0.739561
4.86073,-59.6559,-2.20685
-0.394052,-62.0495,-0.901199
-1.52863,-63.0082,-0.311386
-20.1787,-59.7415,-2.29301
-8.03163,-55.9471,-2.75568
2.5601,-52.9808,-3.24775
11.0902,-50.774,-3.99677
18.1257,-50.053,-4.88517
16.7928,-52.3102,-4.21535
5.8082,-55.668,-2.70585
1.60988,-55.872,-2.398
2.08792,-53.9312,-2.70498
8.88255,-48.9709,-4.41485
16.7386,-44.7833,-5.86008
50.1708,-21.176,-8.7051
14.8176,-28.1469,-6.39922
8.56263,-20.3608,-5.3369
12.852,-17.8351,-5.14957
19.5616,-12.9168,-5.09088
28.7539,-7.18057,-5.80696
21.8784,-14.1261,-5.83165
29.6464,4.3455,-1.70759
27.6304,-5.25438,-5.07258
21.5668,-9.05026,-4.6963
15.5156,-12.0728,-5.13962
12.1958,-13.2101,-5.35781
16.2907,-8.34779,-3.69973
23.2102,-3.4559,-3.24914
20.2921,-7.57253,-5.70521
21.1617,-3.23293,-5.18107
19.6844,9.94173,1.78531
-20.1862,17.2269,19.2429
-28.753,13.7085,19.8001
-10.7882,19.6805,23.4924
-40.0257,8.35163,23.8291
-37.6562,9.43658,24.6192
-30.1041,13.6423,17.7842
-39.7739,8.32861,15.3981
-34.1274,10.2504,17.8678
-22.7849,13.2657,20.1363
-32.3901,17.6355,12.7355
-9.70936,17.7517,17.8836
-49.329,8.78055,15.0451
-37.5599,10.5838,16.2694
-44.6119,7.17124,17.5249
-42.4802,7.25429,18.8475
-33.6826,11.289,21.1459
-41.722,9.98162,26.4854
-20.8637,15.4717,24.4106
-7.39813,20.4741,24.6989
-45.2583,6.80869,28.6921
-17.4783,19.247,23.6279
-27.1571,15.0567,23.8637
-33.7335,10.4085,26.0972
-43.8784,4.89534,34.1764
-26.3321,13.5628,30.3355
-29.4593,11.3435,34.323
-3.80919,23.3288,31.8092
-26.2016,11.8778,35.0532
-37.367,5.27153,35.8575
-44.0946,0.729885,37.3806
-41.493,1.64089,38.6989
-25.7964,6.13491,43.2279
12.6169,18.9365,44.523
-38.0577,2.92008,44.9246
-28.6219,6.19527,45.4412
42.804,-32.8284,25.9442
57.6985,-23.6446,21.3019
29.8572,-32.376,36.7402
38.0453,-27.3538,35.1979
51.5508,-10.1777,36.4363
36.9303,-18.5219,43.5312
22.452,-24.5143,48.0613
32.4278,-17.1994,47.7124
16.5021,-15.4621,58.378
16.9846,-10.2339,61.2584
25.3791,1.14452,62.9304
3.99305,-14.1102,62.9128
9.46057,-12.6007,61.9843
30.1631,-2.60443,58.3902
20.9453,-16.3364,55.5923
15.0441,-21.4684,54.583
17.1258,-21.4429,53.7717
25.353,-18.9471,51.9503
43.547,-11.7987,44.4224
22.0848,-28.6557,47.1473
6.24418,-42.1932,45.4965
4.14157,-44.3664,44.284
5.57305,-44.8975,43.2227
34.8987,-21.7763,45.5222
13.3337,-40.9955,41.5351
21.8485,-36.4286,40.5429
43.9265,-16.4268,40.8372
31.0777,-30.5237,39.0039
44.667,-18.7328,37.6257
28.7347,-33.9638,38.6874
12.3043,-46.9595,38.2742
6.93587,-51.0266,37.1711
7.55756,-51.9846,35.3444
34.9138,-35.4654,31.9351
9.05119,-57.8741,28.9294
6.40381,-60.3354,27.7187
44.6622,-36.117,21.5025
34.1272,-44.1724,24.1711
17.8354,-54.0623,25.6625
16.1319,-54.9461,25.6051
41.2188,-42.7238,18.5082
36.2998,-46.7122,19.1026
30.386,-50.4703,19.6718
25.3411,-53.8541,19.942
21.1672,-56.8368,19.9286
18.4377,-58.6868,19.575
52.3822,-44.5079,7.65609
39.5752,-52.0886,10.8053
58.191,-41.0284,2.71655
45.6364,-48.9623,7.77943
61.6621,-36.5144,-3.48624
27.0949,-58.0695,15.018
37.7024,-54.2431,10.9024
23.1116,-53.1147,-5.74905
16.1892,-56.7924,-2.04265
40.6253,-50.8003,-2.40186
57.8447,-43.4399,-0.388054
34.1832,-54.9691,-0.598127
23.1351,-60.9717,1.76157
26.3192,-59.2751,1.02638
47.515,-48.2635,-2.69166
30.9562,-56.7229,-0.140568
37.4557,-52.8892,-2.23704
56.3726,-41.2161,-5.60888
-21.1823,-2.42362,54.347
-31.5208,-12.4578,56.119
-16.497,2.14232,48.7835
-35.9161,-16.2582,56.3338
-19.7546,-0.315228,49.4176
-37.4113,-17.5112,56.0087
-34.324,-15.1568,55.4633
-30.3609,-11.989,54.439
-24.7992,-7.33202,53.3801
-18.3542,-2.0819,52.1998
-15.818,0.119655,52.1949
-6.33609,7.7728,50.8087
-34.6487,-13.3269,54.2934
-21.9295,-3.37331,51.9283
-26.3584,-6.66109,52.8504
-47.3761,-23.4434,58.1813
-28.9133,-8.96055,54.0318
-47.3202,-24.8405,58.8866
-41.0793,-21.5774,58.4768
-28.8419,-10.0016,55.2619
-35.6037,-17.6049,57.9914
-18.2896,-2.47793,55.091
-17.8063,-5.72609,58.6754
-11.0855,1.53372,56.1386
-8.73011,0.0567671,59.8275
0.653033,5.52191,60.945
6.0417,10.5795,58.9849
11.7148,11.4897,61.532
20.5417,14.0632,58.7643
14.2876,9.60403,59.2998
5.46735,3.10501,59.6056
-8.44705,-6.5237,60.2093
-30.9177,-21.3602,63.1185
-44.2169,-29.0436,66.684
-26.557,-18.3839,62.5484
-53.0541,-34.8512,70.2514
-34.9544,-24.2779,64.5973
-41.409,-29.599,67.0216
-50.557,-41.0104,75.2156
-45.5511,-37.5906,72.9014
-49.8927,-48.8344,73.5757
-39.1806,-34.1266,70.3956
-31.2223,-30.1099,68.5954
-31.9191,-37.5113,67.1246
-18.3917,-30.067,64.1304
-8.09116,-20.1178,65.2873
-8.46732,-26.0801,62.4274
1.97336,-22.5957,60.8183
11.6315,-20.0972,59.0166
20.0783,-15.8453,57.8038
19.7409,-14.0359,57.9241
12.2954,-17.3715,59.1619
-9.24689,-28.8901,62.6873
-23.4106,-37.4313,64.9092
8.92174,-27.4948,59.4915
-33.7011,-43.4854,67.523
-5.05468,-32.2666,62.328
-41.9457,-48.8082,70.0797
-16.9596,-35.5712,63.9287
-48.3267,-53.258,72.4204
-24.7887,-38.1601,64.9421
-52.3218,-57.9149,73.9146
-29.7507,-40.9067,65.8839
-31.0487,-42.4251,67.1209
-51.3055,-59.1469,73.4884
-30.9376,-42.9396,68.2475
-47.0853,-56.7461,71.6884
-29.4173,-41.3798,68.0853
-38.3148,-51.417,68.5636
-24.4992,-37.0808,66.2521
-29.9566,-45.755,65.8277
-17.8066,-32.9419,64.3869
-21.242,-39.5105,63.5168
-12.6145,-34.2622,61.4396
3.43602,-23.7138,60.8422
2.83904,-26.7759,57.8565
6.60588,-25.9589,56.8356
4.01466,-27.5526,57.1858
-1.20681,-30.6253,57.9404
-8.40602,-35.0692,58.9321
19.0257,-23.21,53.1586
-16.3724,-40.285,60.6478
7.61127,-29.5772,55.6488
-27.3492,-48.1565,62.997
-2.10621,-34.3975,57.641
-11.1246,-38.9028,59.0113
-39.6911,-57.8078,65.8141
-18.0785,-42.4675,59.9435
-22.449,-44.8445,60.45
-25.6467,-46.3442,61.3692
-44.2432,-63.1385,66.0246
-24.0607,-45.7254,61.4134
-35.5036,-59.3874,62.5177
-20.4663,-43.7361,60.2569
-28.1791,-55.5468,59.8086
-12.217,-39.8686,57.7452
-18.5039,-49.7146,56.3621
-4.22897,-37.3087,55.4685
4.92109,-34.662,53.5095
-4.94318,-42.4869,52.0135
13.4977,-31.4532,51.1583
1.53904,-39.6746,49.9544
4.10328,-38.1042,49.4216
25.5142,-25.0877,46.5732
3.9345,-36.7182,50.7986
-7.32638,-40.6728,55.3727
-15.4745,-45.322,58.4025
-13.9475,-42.7988,58.7225
-22.465,-46.6409,61.1686
-28.7056,-50.1848,62.5357
-32.5376,-52.409,63.7302
-46.1768,-67.8689,68.2934
-29.327,-49.7228,64.2323
-11.9431,-40.343,59.5364
-19.4789,-47.9814,59.2719
-2.69548,-36.3972,57.0931
-13.0865,-43.7584,57.0096
5.66544,-32.8997,54.7737
-8.04577,-41.0419,55.2289
12.5242,-30.4177,52.8351
-4.55058,-39.1788,53.9469
18.2011,-28.107,50.1669
-3.98302,-38.6647,53.9963
-5.62815,-39.3565,54.6198
19.0819,-28.4408,48.8219
-9.97958,-41.0176,56.2914
15.709,-30.202,49.652
-19.1026,-45.9071,59.327
6.75762,-34.6374,52.0491
-27.5849,-51.0357,62.8202
-36.631,-56.5331,66.3607
-23.9477,-47.9358,62.4179
-40.4997,-56.2366,67.5271
-13.4189,-43.8769,57.4663
-22.1813,-52.2718,57.4836
-6.11827,-40.6468,54.4379
-16.5864,-49.3472,54.6969
-12.9139,-47.6407,52.7823
-11.6379,-46.6636,52.5014
10.4791,-36.3888,48.9828
-11.1502,-46.0739,52.9397
-13.5995,-46.1827,54.54
11.9599,-35.3315,47.982
-18.0967,-47.2114,56.924
8.12982,-36.1887,49.1218
-24.0188,-49.5678,59.7932
2.10141,-38.3282,51.6203
-8.9216,-41.7915,55.6523
-17.4769,-44.8838,58.6721
-24.7553,-48.329,61.6124
-53.9656,-66.8834,73.5919
-30.9675,-51.2666,64.0303
-38.3032,-55.9845,66.8479
-19.815,-46.9526,61.1437
-9.89485,-43.4784,57.4749
-19.8543,-49.4585,59.0122
-0.359265,-40.5908,54.0447
-13.3025,-44.9854,55.5174
9.33118,-37.3762,49.6787
13.7415,-36.0781,46.9968
-10.4818,-43.8473,54.0098
-12.3718,-44.7096,54.9544
14.2997,-36.3165,45.6059
-17.2314,-46.8975,57.3262
8.10954,-38.7143,47.6748
-26.2592,-51.8565,60.676
0.356695,-41.7957,50.5275
-34.3626,-56.4732,63.995
-8.87569,-45.0847,53.7248
-17.6835,-48.5557,56.7892
-25.0922,-51.8843,59.3753
-33.0017,-56.0641,61.3455
-36.7462,-58.8618,62.7494
-39.355,-61.0677,63.4422
-37.7171,-61.3522,63.1979
-32.2277,-58.6597,61.528
-23.742,-54.7623,58.3769
-30.8641,-63.7015,60.7453
-18.4728,-55.4733,54.8372
1.72031,-46.8054,49.1389
-11.4189,-51.1044,50.9793
-6.44876,-49.0071,47.9153
18.2539,-40.8609,39.9876
-3.70154,-48.4629,46.1763
-3.57574,-49.3462,45.0619
22.428,-41.3403,34.9918
-6.59477,-52.0108,46.196
19.4631,-44.2214,35.0543
-11.8829,-55.4129,47.8594
-19.2828,-60.0398,50.1981
6.90254,-51.6036,38.3796
-27.5219,-65.4349,52.7404
-1.737,-56.2537,41.3794
-38.2824,-72.4726,56.7708
-13.9948,-61.3296,45.6419
-45.1542,-78.331,58.7439
-21.531,-65.5443,48.0779
-27.5955,-69.6917,50.3666
-22.6832,-68.9359,48.1142
-5.95911,-60.1084,41.0377
-0.565175,-57.1944,38.4059
3.57433,-55.705,36.1307
-9.0586,-61.6769,38.1026
-13.7078,-64.0715,40.9173
-19.5764,-67.6334,43.5783
-29.3175,-74.9753,47.4704
-36.3632,-80.5492,50.7978
-25.4578,-74.775,47.3694
-17.1067,-65.7779,44.9153
-7.67152,-61.2723,41.2126
-2.7508,-60.9658,36.3478
13.1245,-54.8811,31.9611
5.38965,-57.3362,32.6066
8.56429,-56.05,30.9115
7.19796,-56.7679,31.4246
-34.0544,-81.9173,45.4623
-12.8582,-67.691,39.2591
-43.1825,-88.4554,48.1824
-22.5401,-72.443,42.5601
-30.2302,-77.6692,45.1409
-3.46278,-67.9652,29.2405
11.1184,-60.8001,25.8053
-0.29976,-66.4163,27.3891
15.1156,-59.4881,23.3418
17.4279,-58.8575,21.9073
-3.21592,-69.0128,27.7079
14.9931,-61.1977,21.5153
-11.1946,-74.0324,30.9915
10.1374,-64.0042,23.2701
-17.7881,-78.7857,33.3164
3.5747,-67.5417,25.465
-3.53754,-71.4966,27.6428
-17.1858,-79.8652,31.802
-14.8404,-76.6695,32.8207
4.34294,-68.2087,23.5823
30.8766,-57.5529,13.1166
8.20014,-65.7372,21.4435
22.7613,-61.0901,16.2917
-5.19281,-72.8735,28.4576
-9.04565,-70.0692,35.155
-0.440602,-65.9685,32.584
35.0255,-49.2375,20.6892
20.8851,-52.1587,26.0192
15.7819,-55.4302,27.8447
-20.4589,-75.9921,37.4267
-25.7262,-78.8888,38.7339
-28.1273,-79.6363,39.9733
-7.71367,-65.4323,36.4429
-7.75312,-64.1033,37.3513
-5.13904,-61.9131,37.7173
0.805286,-58.9347,37.1469
11.584,-55.7549,35.4309
38.8413,-37.5929,25.3755
16.6755,-51.7269,34.1553
-0.129545,-60.4484,38.023
-10.7619,-64.6234,40.2488
-18.0562,-66.8472,41.9933
5.03138,-52.6418,39.3393
-21.7939,-67.2706,43.4542
0.0671486,-53.4805,41.5229
-21.9526,-65.5546,44.7059
-3.14257,-52.35,43.71
-18.3047,-62.2572,45.0138
-12.5667,-58.5129,45.5617
2.5899,-46.8453,45.1183
-2.7229,-51.9268,45.3886
11.4489,-42.3428,44.6994
28.0932,-33.8618,42.2644
21.5156,-35.565,43.1136
28.976,-29.7294,41.6437
33.3593,-23.9525,41.3953
27.7743,-27.0487,44.0771
18.1981,-33.0569,48.0839
-11.6979,-48.4475,56.146
-23.0995,-52.3235,58.9611
-4.25306,-35.0262,58.7967
-31.55,-53.8902,61.7566
-14.0942,-36.1227,61.5751
-34.1626,-52.6042,63.9249
-19.4046,-35.1034,63.2107
-33.1149,-49.1064,64.9186
-20.0258,-32.9123,64.0203
-28.5258,-43.5533,65.6091
-17.0652,-28.8287,64.3253
-24.4768,-39.0654,66.2133
-11.4485,-23.5165,64.8019
-10.1123,-26.6298,65.9864
-1.65458,-18.7699,65.2699
-13.2215,-25.7616,67.8835
-23.7104,-32.907,70.0377
-2.05106,-18.2606,68.5324
-33.7864,-40.1605,72.1001
-13.0369,-24.0933,70.6349
-43.0876,-46.8931,74.1429
-23.5743,-29.5502,72.164
-38.3546,-37.8923,75.8379
-42.0138,-40.0158,76.9617
-56.4929,-56.8613,77.6629
-42.1803,-38.5234,75.7548
-51.3784,-52.7289,75.7633
-39.6511,-35.9967,73.5558
-45.2806,-47.126,72.9954
-39.5223,-41.8713,70.0923
-28.7699,-29.5726,68.7697
-34.2906,-36.5845,66.7547
-21.6307,-26.4728,66.1877
-31.8819,-35.6571,65.3115
-18.284,-26.1117,64.9508
-32.0133,-36.3512,65.0437
-17.3339,-26.8852,64.443
-34.6945,-38.7465,65.9885
-20.0327,-28.5024,64.3037
-40.7054,-42.6229,68.1595
-25.0376,-30.8292,65.2021
-46.5075,-45.6778,70.5809
-31.9614,-33.2089,66.9484
-53.4892,-49.2526,73.7013
-39.5433,-36.1173,69.2285
-61.3868,-53.6048,77.682
-49.1499,-39.6018,72.802
-51.9682,-35.9957,73.3418
-54.8698,-48.1908,77.7836
-45.7052,-36.1023,67.9502
-58.4836,-53.4888,78.5012
-48.7981,-38.5027,69.3066
-64.6448,-51.6767,78.1554
-70.4223,-66.2522,80.0009
-66.6999,-61.9021,78.4011
-56.5395,-48.4265,73.9706
-52.5185,-45.2102,71.6148
-59.9903,-54.8692,74.4864
-48.3483,-42.2007,69.4988
-53.5923,-43.1785,70.6568
-74.6978,-61.3555,78.7384
-58.9565,-45.2767,72.5574
-83.5135,-67.9731,81.2669
-89.7855,-74.0645,82.3629
-63.0093,-58.1903,78.7395
-99.8467,-101.255,71.9604
-85.791,-115.6,45.8034
-78.8641,-110.105,27.847
-74.7258,-105.438,22.8859
-59.2602,-97.5713,14.5884
-71.2038,-115.025,30.219
-72.208,-63.1271,78.3891
-64.2107,-52.7928,73.21
-58.1029,-43.4307,67.8889
-59.9519,-41.3954,66.4129
-49.4042,-73.1808,62.0084
-50.9226,-77.7073,58.8725
-51.6455,-83.2367,55.6864
-53.8717,-83.3433,59.3373
-50.3672,-70.8213,67.7668
-41.3449,-48.6519,75.9428
-63.6774,-23.3948,85.6693
-41.4604,-30.0843,79.2497
-58.8439,-16.6734,87.134
-41.0211,-9.25919,75.1253
-42.1422,-11.1552,76.2109
-66.771,-18.5124,85.7432
-46.2022,-14.3551,74.5143
-71.7618,-24.6749,82.7327
-51.3219,-19.5536,71.7039
-113.6,-38.8087,26.4243
-106.203,-30.2704,27.6177
-63.7377,-2.16888,25.5085
-88.0317,-24.5005,36.9632
-74.6153,-8.11486,27.8542
-67.234,-3.75819,26.366
-51.0706,4.93465,21.3541
-53.2297,4.05574,21.5549
-57.5907,2.17071,22.1065
-54.8768,2.94584,24.254
-48.6018,5.71456,24.429
-44.7673,6.87476,26.0805
-62.2313,-3.82126,28.9709
-47.083,5.042,27.4523
-66.623,-6.05038,30.4901
-54.9342,0.829198,29.3558
-93.6386,-38.7914,42.802
-76.0133,-21.6494,41.2938
-60.5434,-9.31824,38.1933
-58.0654,-8.22777,37.5195
-65.3311,-11.8802,38.4599
-73.1623,-18.5463,39.5433
-124.553,-71.5554,30.9193
-122.092,-66.7955,32.3813
-118.119,-58.9311,33.8638
-112.828,-66.3491,42.1313
-110.672,-59.9365,41.5455
-115.544,-77.0983,45.6515
-111.377,-70.1946,46.2665
-104.816,-59.449,46.8322
-81.8756,-28.5004,42.9658
-99.9679,-58.1067,51.2644
-89.2521,-39.6457,47.8676
-78.3718,-31.8703,48.136
-80.4104,-34.3034,48.3983
-84.1252,-39.1593,49.383
-89.7284,-45.9198,50.5185
-104.112,-69.325,54.4285
-107.548,-67.8605,51.3228
-106.28,-78.924,57.9531
-101.685,-70.2638,58.0808
-71.3568,-30.5982,51.7349
-73.4395,-32.834,52.0926
-79.4658,-39.8505,54.0536
-101.53,-64.0571,53.861
-108.306,-89.6975,60.3812
-104.62,-83.3838,62.4344
-96.9574,-71.4379,63.2306
-91.1975,-62.2927,62.0984
-59.4451,-30.703,58.0196
-95.144,-75.405,65.7268
-96.8284,-86.3313,67.1198
-99.4688,-93.6538,67.2505
-86.1893,-59.4578,65.7938
-73.8047,-48.9365,64.6574
-55.0545,-34.8432,62.2376
-89.6155,-76.3131,72.4891
-82.2722,-59.4487,67.7782
-93.2603,-84.9804,74.3266
-94.5441,-90.9055,76.9064
-89.763,-85.5419,78.313
-82.5567,-77.8955,78.5398
-75.8437,-58.2864,70.4312
-74.6955,-67.8692,76.8058
-65.0561,-51.1293,69.3789
-50.901,-40.6722,67.009
-57.9457,-46.9591,69.8392
-41.0977,-34.1051,64.4486
-33.8701,-29.3089,62.4898
-30.3817,-27.4269,61.3997
-49.2702,-38.2964,65.539
-31.4091,-27.4128,61.6215
-54.3108,-40.3531,65.6617
-36.2231,-30.4699,62.8608
-43.786,-34.8578,64.3912
-51.854,-39.403,65.5184
-60.8676,-43.9168,66.3881
-65.2631,-46.8675,66.7681
-79.197,-57.4658,68.7605
-64.3806,-43.5177,64.3779
-54.8864,-36.9598,63.4172
-45.7625,-31.5081,62.105
-37.56,-25.8892,60.5274
-50.4729,-32.2503,62.0033
-31.8196,-21.8055,59.0898
-48.7109,-29.1744,60.012
-30.3342,-18.1048,57.3882
-33.8427,-19.5615,57.3565
-56.8522,-32.6769,59.8097
-41.2303,-23.6878,58.0396
-64.5357,-38.8925,61.1872
-50.2498,-29.0067,59.0345
-75.1497,-48.0031,62.0684
-62.0746,-35.6295,59.2663
-82.6251,-53.7304,62.0632
-69.669,-39.4546,59.2085
-74.104,-41.755,58.5807
-88.098,-56.9426,61.2888
-56.4983,-27.6099,56.7167
-47.6479,-22.0361,55.6731
-38.8656,-15.6904,53.63
-35.9306,-13.3773,52.5975
-54.0755,-24.3136,54.5867
-57.2549,-25.9542,54.3478
-40.985,-15.9828,52.5839
-65.0048,-31.6149,55.8877
-50.6873,-21.5137,53.5948
-73.138,-37.8807,55.8972
-59.2123,-26.0625,53.5001
-81.1203,-44.052,55.4406
-66.859,-29.9223,52.8857
-89.305,-50.5175,54.2753
-76.2794,-32.9789,50.8062
-85.5691,-47.1074,54.4613
-62.9608,-24.4,50.1871
-69.7053,-31.7829,53.3383
-53.4494,-17.4181,48.9175
-45.2373,-11.095,47.0045
-58.8071,-20.4486,49.4143
-40.2291,-6.86031,45.7484
-56.8404,-17.9802,48.1118
-38.0994,-5.04842,45.2353
-41.9576,-7.51945,46.3885
-64.8733,-22.8557,48.291
-49.201,-11.6172,46.7915
-72.8972,-29.3045,49.0194
-68.8335,-23.8537,47.6819
-97.1691,-50.5984,47.8606
-90.02,-43.1721,48.3631
-78.8982,-28.4109,45.0906
-69.3609,-21.6261,44.1949
-74.8967,-26.7345,45.1803
-59.9315,-14.0129,42.2531
-52.9249,-8.45895,40.8273
-66.4684,-17.2004,42.3501
-50.1921,-5.96127,40.1658
-69.05,-18.822,42.4622
-74.8508,-23.897,43.4613
-83.1822,-31.8683,44.2322
-95.4915,-34.0328,39.1999
-79.5795,-23.6063,39.9569
-63.8564,-10.0713,36.6487
-71.2687,-15.3216,37.2801
-55.0472,-3.79166,34.954
-69.296,-12.0446,35.3361
-53.2032,-1.54921,33.6319
-73.8038,-12.8976,34.6293
-59.6144,-4.05708,32.6588
-69.5283,-9.50452,33.2875
-90.5958,-31.3025,37.6933
-77.3982,-14.5974,34.1028
-97.7343,-36.6164,35.8397
-81.9362,-16.1604,34.1289
-105.959,-36.9403,31.8842
-122.423,-56.2707,28.5269
-130.042,-77.035,16.7929
-128.886,-74.4868,22.645
-122.64,-82.1457,23.1415
-121.684,-84.3406,31.6561
-115.087,-95.1365,26.1502
-117.506,-82.4652,42.1015
-115.935,-89.3385,36.9343
-110.912,-99.8581,34.2666
-106.427,-104.642,29.8424
-104.576,-106.287,35.5303
-111.586,-95.8644,48.8308
-108.393,-100.138,45.4886
-103.963,-105.337,40.1798
-111.185,-93.206,55.9944
-95.2653,-113.189,42.093
-105.259,-102.295,52.4766
-103.063,-105.398,48.3126
-99.4843,-109.905,43.1772
-103.1,-102.003,67.8087
-101.506,-85.794,73.786
-106.944,-100.771,61.9731
-96.3516,-111.193,50.4576
-101.276,-105.751,55.5509
-107.384,-95.095,63.8809
-122.099,-78.7362,38.0602
-120.296,-55.7256,33.5101
-116.519,-37.4127,27.8694
-103.562,-42.2741,14.7224
-110.063,-56.9757,21.9652
-113.58,-62.3981,22.3642
-105.981,-48.4781,18.3948
-101.986,-37.3817,13.4696
-116.478,-56.0752,6.08861
-116.904,-60.1658,8.66532
-122.319,-69.4741,10.8234
-119.628,-64.2375,13.9287
-115.52,-59.4543,16.7989
-110.556,-43.9443,28.0993
-107.686,-33.8867,27.735
-97.7473,-14.4286,22.1856
-103.493,-31.0642,21.3681
-105.23,-37.9462,15.7326
-106.65,-42.8708,19.1052
-101.838,-37.7448,17.9
-109.028,-50.8219,23.0094
-98.1813,-26.2555,16.7167
-80.0275,-2.79425,15.7818
-81.6147,-7.00285,14.0664
-79.8681,-14.1711,8.61428
-74.4926,-6.96518,6.75613
-86.5431,-16.1237,12.7336
-66.2191,1.67936,4.37139
-63.546,4.37523,3.98741
-62.305,4.36378,1.68469
-76.0923,-12.9293,0.164689
-63.8218,1.42725,1.14349
-77.2188,-15.4357,-0.277856
-65.8981,-2.30599,0.242196
-64.3545,-7.33871,-4.6542
-72.6303,-19.2612,-4.04736
-62.0082,-6.19691,-6.18135
-66.4968,-16.2836,-7.21261
-66.7632,-20.0931,-9.09272
-67.4699,-23.2056,-9.7168
-70.3769,-27.8187,-9.77124
-71.5672,-29.7607,-9.73609
-69.3265,-25.6568,-10.6033
-66.3253,-22.3055,-12.2095
-67.8119,-24.1006,-13.8439
-53.3659,-13.4737,-9.62217
-69.9449,-26.5957,-15.1646
-54.6145,-15.1751,-10.2531
-58.8201,-20.1744,-11.5247
-61.236,-23.9219,-12.0907
-63.4179,-17.5638,-12.1364
-52.1971,-10.4425,-9.44768
-63.9225,-16.179,-9.9007
-52.7305,-7.89921,-7.84198
-55.6273,-5.70393,-4.81926
-71.0247,-16.4942,-3.9116
-59.2251,-5.50778,-2.85578
-74.8475,-17.8877,-1.67525
-62.7237,-6.50924,-0.817499
-78.4628,-19.1043,0.376671
-66.5978,-7.47242,1.43274
-71.5965,-8.79023,4.44985
-85.2958,-20.9535,5.59461
-75.2583,-9.69128,6.64871
-88.836,-22.0341,7.88145
-78.471,-10.6497,8.79389
-93.3037,-23.8978,10.563
-82.5447,-12.3926,10.9671
-91.2429,-20.7309,12.9801
-95.8246,-26.1444,13.1417
-107.125,-43.4996,10.2471
-117.913,-51.5451,7.90859
-117.215,-56.5944,0.791782
-107.008,-48.3825,-0.288435
-105.194,-47.0572,-4.35636
-102.321,-43.7217,-7.25944
-94.5954,-37.1345,-11.332
-93.9713,-40.2547,-10.8831
-103.299,-56.7328,-11.0469
-94.1929,-43.6141,-10.4992
-94.3309,-47.4541,-10.2369
-101.271,-63.2616,-15.167
-91.4671,-48.6843,-14.4819
-90.9698,-54.5694,-18.3964
-83.3426,-41.5111,-17.8887
-79.0772,-45.5859,-18.6921
-80.6726,-48.5427,-19.4349
-82.6827,-51.5026,-19.9093
-85.3922,-55.4236,-20.0066
-88.2828,-59.487,-19.5435
-99.9664,-73.9711,-14.7896
-92.0264,-60.8785,-16.5397
-100.387,-68.2906,-11.3846
-92.7805,-56.2916,-12.4793
-100.546,-61.1126,-6.20964
-92.9483,-49.4098,-5.78757
-99.4523,-51.7719,0.256718
-91.9274,-40.9494,2.19798
-98.6035,-44.73,6.11295
-92.2811,-36.0401,7.15252
-98.0947,-38.8777,11.0278
-92.9998,-30.5018,11.6759
-97.9955,-34.0838,13.595
-93.0854,-23.7174,15.701
-97.1546,-29.4141,15.3102
-90.7404,-15.9527,15.9926
-75.7554,0.449758,10.2429
-70.7595,0.611004,7.23773
-68.1711,-1.49733,4.01332
-59.5023,14.3421,7.06576
-59.6377,10.3545,2.92779
-66.7744,-12.5097,-3.44452
-61.2795,2.78379,-3.40345
-69.394,-22.8383,-7.92973
-64.9679,-12.3601,-14.7088
-71.0571,-35.8429,-13.9635
-67.1235,-19.6756,-19.2924
-70.4897,-38.3406,-15.2198
-69.874,-26.9378,-23.8815
-71.2481,-28.935,-25.6416
-73.0775,-33.5809,-17.9168
-61.8115,-16.2104,-25.2848
-70.6358,-29.5851,-17.8435
-59.9178,-14.2117,-23.9804
-74.262,-29.8889,-15.0538
-65.643,-14.5856,-19.1827
-77.8459,-27.4508,-5.4496
-78.0441,-25.8264,-2.71876
-78.2448,-24.3771,0.502548
-79.8846,-22.0604,4.5851
-71.4292,-7.31398,-0.461994
-81.0932,-18.9522,8.1069
-72.2575,-4.39699,3.44227
-82.6329,-15.1409,11.0066
-73.4687,-0.854978,7.26581
-84.1742,-11.5114,13.9576
-74.144,2.78221,11.3847
-84.8454,-8.80237,17.7609
-83.1867,-5.78082,21.5488
-59.9198,15.3272,52.1011
-73.4105,11.1032,51.8614
-71.7298,16.1659,56.1491
-56.1901,24.2689,61.618
-49.1631,39.234,69.3338
-59.1219,54.9104,49.4819
-64.8378,30.4911,-14.4976
-64.6069,13.4623,-19.0524
-50.5623,12.8672,-16.4503
-50.7782,2.54746,-17.6681
-65.0217,-16.759,-22.6582
-49.8723,-5.03565,-19.2567
-61.7416,-22.5746,-24.3924
-39.3654,-17.2246,-24.7113
-40.2006,-19.8906,-24.1091
-44.5133,-42.8529,-14.2743
-47.4874,-45.9514,-13.4685
-53.6529,-51.1144,-13.2893
-76.4092,-61.2625,-5.76841
-89.6857,-65.4334,1.71335
-77.4462,-66.396,-8.90064
-99.2001,-76.0567,6.226
-82.3381,-74.0167,-0.83042
-100.313,-85.5381,8.02956
-58.0056,-60.5434,-15.7166
-70.8075,-67.1748,-5.09012
-85.4945,-83.4589,7.58661
-86.9159,-88.208,9.58104
-82.0877,-84.4771,6.28028
-75.9268,-78.7047,1.86455
-82.3346,-82.9325,3.46719
-65.5825,-72.2859,-4.70345
-50.4816,-67.0258,-6.79961
-67.5677,-88.6272,6.32867
-56.3755,-77.5346,1.18169
-61.3336,-83.709,5.32494
-67.7817,-91.7007,10.7097
-71.9341,-96.626,14.807
-73.6266,-100.863,19.3706
-88.2379,-105.794,23.7539
-68.9148,-98.0736,16.73
-79.8279,-102.478,18.9643
-61.914,-93.9669,12.7085
-54.2595,-88.5459,8.51651
-45.1509,-82.4547,5.04398
-40.4654,-79.268,3.8328
-52.7132,-91.6811,10.7099
-37.0608,-77.8248,4.24146
-37.5495,-78.9785,5.94708
-41.1393,-82.4604,8.66788
-46.7647,-88.6913,12.258
-75.456,-112.461,29.1144
-51.6003,-98.6345,19.2644
-38.6848,-92.0796,15.0114
-65.2234,-108.534,24.4969
-56.0175,-103.951,21.0026
-69.0329,-107.676,23.1926
-41.0976,-89.0753,13.4157
-52.1196,-96.8615,16.4819
-56.3478,-100.388,18.1067
-63.6788,-102.988,19.7634
-47.6474,-93.1018,15.1449
-45.037,-90.5347,13.4655
-55.1305,-95.9924,13.6792
-40.1601,-86.7883,11.1025
-33.7428,-82.1281,8.36989
-27.0367,-77.5356,5.902
-18.1129,-71.8388,2.96449
-12.522,-68.6472,1.82536
-23.8344,-76.2167,5.95566
-8.15435,-65.9271,1.26124
-20.0208,-75.458,6.5299
-6.1551,-63.9596,0.797531
-21.3699,-77.0223,7.60405
-25.811,-81.2488,9.7701
-14.9293,-71.4063,3.00544
-24.7968,-80.6559,7.90974
-27.0993,-84.6832,10.9747
-31.7919,-84.8259,13.4728
-29.1724,-83.224,11.6928
-19.2248,-81.6007,8.18741
-23.9737,-81.2403,9.77509
-9.09297,-71.5879,4.54452
5.1447,-63.6086,-0.111504
-0.801187,-66.5214,1.86724
0.399097,-66.1215,1.78575
12.1558,-57.564,-2.24601
9.84681,-58.4369,-1.96827
-6.78786,-71.5068,3.50648
5.09554,-61.1246,-1.05563
-13.6603,-75.5473,5.39729
-1.6643,-64.8218,0.261633
-12.9958,-71.6984,3.83262
-34.3426,-85.7508,10.5154
-44.1481,-89.1226,10.4865
-37.7094,-85.3839,7.99717
-36.1208,-82.4663,6.33824
-48.6178,-85.0466,6.73088
-32.1256,-76.7971,3.89109
-42.1627,-78.3553,3.4255
-26.613,-69.3616,0.752886
-33.3374,-70.2994,-0.417696
-17.8488,-58.9994,-3.56063
-13.2323,-52.236,-5.63572
-26.3429,-62.0738,-3.38323
-11.4776,-46.704,-6.34465
-12.8066,-44.6404,-6.8864
-30.2835,-63.8188,-2.86106
-18.5884,-46.8159,-6.71941
-38.1928,-67.9654,-1.76958
-25.9577,-52.0044,-6.42324
-48.7291,-72.5966,0.678421
-58.7834,-78.0349,3.18189
-43.1107,-66.9484,-3.43688
-67.0916,-83.0625,5.25613
-51.6102,-76.2159,0.169097
-56.0965,-80.1729,2.00628
-51.4253,-70.6246,-2.34096
-44.8708,-63.0214,-5.58942
-51.4681,-68.4894,-4.65031
-31.7997,-48.0554,-9.01553
-27.2436,-41.3061,-9.83755
-40.3575,-57.3482,-7.91664
-26.6943,-39.4039,-9.97591
-28.6513,-40.5156,-9.87522
-45.7042,-60.826,-6.46243
-33.4902,-44.2308,-9.5281
-58.1595,-65.002,-4.01088
-43.7684,-52.7843,-8.35772
-69.6519,-68.4087,-0.0685724
-52.2271,-61.0672,-6.66159
-79.3997,-74.1651,3.32409
-60.1352,-70.189,-4.2039
-85.1483,-80.6845,4.75177
-72.2862,-76.7508,-0.338982
-55.7941,-56.6191,-10.3893
-62.4913,-62.6024,-10.3227
-49.216,-48.5011,-12.5541
-44.0698,-41.6,-13.7611
-39.6008,-33.9216,-14.1019
-52.7928,-53.1902,-12.8944
-42.8434,-35.3683,-14.1872
-56.0294,-54.7036,-12.9257
-47.2071,-40.4762,-14.1606
-64.3016,-56.6397,-12.5449
-52.7643,-47.6078,-13.644
-76.1305,-60.5387,-9.21961
-60.332,-57.133,-13.1695
-87.0572,-69.9276,-3.26793
-69.647,-65.8071,-10.0863
-64.2145,-58.5373,-12.1904
-72.1516,-61.3175,-12.9484
-57.4466,-48.7371,-13.6702
-64.1777,-53.6761,-14.6652
-50.373,-38.9152,-14.1552
-44.6165,-29.1129,-13.564
-48.9487,-38.3932,-15.8577
-39.2594,-18.6046,-12.2316
-46.0133,-35.5175,-15.5305
-39.7486,-15.1736,-13.4851
-45.0548,-23.4738,-15.2968
-48.9288,-31.1551,-16.4772
-70.7847,-57.1413,-15.3434
-57.4645,-39.1964,-18.8133
-64.3708,-46.5097,-20.2113
-52.4174,-30.6953,-17.9817
-45.7839,-21.1329,-16.5327
-37.2294,-10.5037,-11.1911
-44.8493,-30.0964,-16.2049
-37.535,-14.1647,-11.3625
-39.6297,-20.1435,-12.3962
-42.7949,-27.1019,-13.4221
-46.1193,-34.3026,-14.4897
-49.6849,-42.6486,-14.8515
-45.5449,-44.1656,-13.2901
-37.4892,-37.8759,-11.5973
-29.9132,-32.7726,-10.7584
-38.4925,-36.9618,-12.9612
-21.7209,-27.7932,-9.26526
-29.1356,-30.4174,-11.2177
-11.7655,-22.8598,-7.61261
-17.5485,-24.3106,-9.53447
-8.34485,-20.6618,-8.08188
8.60441,-13.4204,-6.22087
-0.47914,-17.9277,-7.26246
8.04209,-17.4079,-6.40345
-7.91358,-37.6706,-6.67893
-9.04523,-40.2109,-6.45998
9.88819,-37.738,-6.59555
-7.64009,-41.5796,-6.10334
11.4775,-39.6483,-6.92826
-3.47407,-41.8213,-6.23092
30.3287,-45.1721,-0.82237
27.5962,-42.4475,-0.616284
31.8869,-43.4079,0.587749
30.7929,-40.0067,-1.10987
36.8584,-41.9228,-1.56247
22.2637,-38.4869,-7.62813
13.5715,-38.7193,-4.15537
35.1866,-36.1398,-9.4714
26.7917,-32.3069,-10.1845
21.4895,-38.6794,0.632412
13.8124,-29.7552,3.97185
26.7885,-45.0662,-1.50822
7.57552,-31.2402,3.85135
28.0138,-47.6916,-3.1001
8.98058,-52.5549,1.33493
14.7387,-61.8595,-0.00302435
17.0252,-60.0631,-1.25251
26.2242,-57.6984,-4.29447
27.5078,-57.7219,-0.765225
32.1208,-50.9311,-3.63065
14.5567,-57.6737,-10.9151
16.7382,-59.9567,-3.88756
8.0691,-60.9994,-2.54205
33.0182,-54.5291,-24.4997
30.2782,-62.7326,-6.50797
23.7775,-69.6283,6.21002
12.9845,-75.3071,8.80618
19.6637,-67.3923,5.30187
-0.379256,-77.6028,10.4841
14.7772,-68.3926,6.03868
10.7359,-68.6177,5.78945
-2.56523,-74.7798,8.87322
13.6976,-66.8012,4.72786
3.22904,-72.2244,6.65038
18.847,-64.487,3.05519
16.03,-66.4535,4.31083
21.6869,-64.1885,4.85046
39.0321,-53.6599,-0.116067
-12.9697,-81.9738,30.1678
-11.0629,-79.7621,28.243
4.38343,-72.8676,24.8958
-6.57646,-76.9609,25.2266
-0.161987,-73.605,22.0642
7.63533,-70.6906,18.6995
22.3956,-65.2223,14.1822
11.1977,-69.269,16.9172
26.0102,-63.3174,11.2313
9.31673,-70.2632,17.6011
3.69043,-73.2539,19.5973
-7.13754,-78.1418,23.388
7.48378,-72.6987,16.3999
-24.5987,-85.2476,28.8909
-10.5869,-78.1769,22.6268
-12.0196,-78.6943,23.4505
-15.7613,-81.0861,25.5458
-43.3757,-102.942,33.8347
-14.8017,-82.7051,21.3136
-29.4077,-87.3608,31.3623
-48.771,-95.4785,45.7659
-36.0936,-85.9449,40.4809
-30.9008,-81.8072,38.1655
-28.1172,-79.2253,37.487
-39.8345,-84.9222,44.7613
-57.2761,-91.7556,56.8032
-44.3701,-82.0512,50.8708
-49.3439,-85.7762,54.0714
-37.0473,-75.5549,49.498
-39.2554,-75.3677,50.7975
-43.2739,-77.8973,53.084
-49.2277,-81.702,56.8332
-67.6094,-94.6807,65.0562
-43.2697,-72.7715,58.5483
-37.9643,-68.4096,56.9008
-48.3422,-75.5215,61.2562
-34.9087,-65.5344,56.032
-35.3834,-63.742,56.743
-38.5535,-65.171,59.2019
-56.4392,-76.5225,67.7206
-43.8201,-67.9871,62.1802
-53.1696,-73.0757,67.284
-80.1864,-89.6603,76.1409
-72.0211,-85.2765,74.6593
-58.276,-74.3721,71.7731
-51.6553,-69.1184,68.6039
-54.1388,-68.063,70.643
-43.0971,-58.3915,66.3116
-59.4096,-69.4495,74.2633
-47.2749,-60.2799,68.6721
-55.4392,-64.6604,72.6787
-63.1021,-68.8305,76.5498
-70.6245,-73.0256,79.9166
-80.2799,-78.396,82.3673
-75.3283,-78.0168,80.7898
-81.1016,-86.7666,80.5978
-69.4351,-77.0759,77.969
-63.8599,-76.0522,74.6896
-68.3405,-86.9279,71.2618
-58.5426,-81.2334,65.8135
-80.8882,-100.223,67.5445
-89.8766,-105.676,63.7317
-80.9754,-97.4355,73.359
-87.6682,-100.906,70.5983
-95.5283,-105.844,66.2845
-96.0138,-107.841,60.9256
-89.9243,-110.254,54.487
-81.2353,-109.169,53.9319
-68.9763,-106.23,58.6258
-76.308,-109.993,62.3324
-82.6677,-111.517,63.1162
-74.3006,-112.807,50.832
-82.5241,-116.203,49.4977
-89.9174,-115.344,41.0108
-77.4592,-114.931,34.8531
-92.2487,-114.956,50.1315
-92.0619,-113.439,35.3992
-79.6033,-110.652,35.7217
-64.574,-108.088,41.7836
-45.9803,-97.6798,42.9422
-19.6357,-76.8146,33.5004
-5.80853,-68.4369,31.752
-9.32654,-70.3049,30.0291
1.07729,-64.4288,29.9086
-2.12249,-65.9491,28.3901
4.6126,-62.0615,27.1822
15.6949,-57.1913,24.7603
13.4156,-57.4615,25.7081
26.3123,-50.1621,24.0022
32.3795,-46.0337,23.5394
55.7102,-28.7112,19.9586
71.0544,-20.72,11.0653
7.02293,-59.8304,30.3779
12.7735,-56.785,28.1477
-13.3392,-70.3159,35.0581
1.76982,-61.8406,31.2753
-8.58362,-65.3443,34.5671
-17.9951,-72.3509,36.8384
-5.63829,-63.4577,34.5811
-11.6143,-68.8182,35.5361
0.448314,-60.4221,34.0579
7.94618,-56.0237,32.8407
16.387,-51.7891,30.919
26.7914,-44.7975,29.4637
36.6504,-37.8844,28.4095
50.9501,-28.7534,23.2748
30.0549,-35.3638,35.7462
18.8933,-41.3697,37.8845
34.902,-33.7836,34.0633
6.56325,-47.6322,40.3072
-4.72949,-53.9275,43.1566
6.52405,-46.7577,42.3392
-2.01383,-50.1156,43.9957
-7.47292,-52.1806,44.991
-25.0204,-64.3217,47.2981
-10.0124,-53.1601,45.544
-22.4084,-63.5279,46.5409
-8.78071,-52.686,45.4473
-13.0633,-58.5676,44.4075
0.048521,-48.7135,43.9094
-3.24268,-53.0685,42.3481
10.7066,-44.2231,41.1943
8.06019,-46.9667,39.9677
23.3149,-37.543,37.5047
19.8605,-39.5438,38.0304
50.6936,-20.6252,30.9344
22.5192,-31.4125,42.8521
7.34833,-39.185,45.6096
22.6077,-29.5969,44.8009
-2.70654,-44.7745,48.2817
-10.4173,-48.8348,50.5257
-15.3213,-51.1555,51.9488
-1.22112,-39.5494,51.4067
-16.9139,-51.4296,52.4746
-3.80816,-38.772,51.8135
-14.0702,-48.3515,51.529
-1.49832,-36.6998,52.0529
-7.89692,-44.5176,50.9833
4.30086,-33.1586,51.5124
-0.0622122,-39.4113,50.1969
12.7325,-28.8566,51.0286
8.32307,-33.8211,49.8385
22.4565,-23.5373,50.726
26.4959,-21.3514,48.3642
34.7279,-10.7946,50.4253
28.5829,-14.3013,51.3836
18.8513,-19.6712,52.1847
7.79853,-25.0514,54.2576
-3.94068,-29.6996,57.0136
-8.90871,-31.218,58.269
6.25417,-20.8389,60.5688
-10.4822,-30.5876,59.2224
3.73923,-19.692,61.8987
-7.47468,-27.6655,60.1721
5.52702,-16.6159,62.9979
0.490194,-21.9959,60.5407
8.68038,-15.461,61.2647
25.5593,-2.76289,61.5985
32.7271,2.94954,61.282
17.2774,-6.48994,62.6071
8.24017,-11.085,63.2595
25.1634,-0.799014,65.4053
1.89846,-14.1682,63.5507
-0.668033,-15.9712,63.8534
13.1288,-4.31683,66.3001
16.8994,-4.45936,63.3908
58.1987,-21.15,24.0586
66.1168,-17.4178,20.0782
75.1866,-18.3094,13.6967
74.9095,-23.1151,-3.30514
77.3948,-19.2286,3.05534
55.6973,-31.9703,20.5643
48.5144,-45.97,17.5555
73.2856,-29.0153,-0.158559
65.0839,-36.974,2.2648
73.2847,-28.8278,-4.34465
43.3923,-53.3884,4.39302
60.4834,-40.6567,-4.12607
31.7494,-60.6586,8.316
37.7688,-56.9899,10.1315
46.4986,-53.7064,0.225879
35.9171,-59.213,2.09432
14.3478,-70.8171,5.76196
29.7196,-61.2087,3.16623
-10.9746,-81.7161,13.2262
2.43404,-73.9096,15.3624
6.81543,-71.6078,14.5164
3.91463,-75.4959,10.9052
14.415,-67.9215,11.9625
14.4327,-70.7308,9.05789
23.7631,-63.1738,8.80564
33.8927,-58.1623,6.14775
45.4774,-51.0606,3.68646
51.1973,-47.8261,2.54573
40.9519,-55.4929,6.37966
-7.4375,-80.695,18.8248
-20.6148,-87.4915,22.5042
-27.1547,-91.3092,23.9554
-8.45598,-81.4088,25.7205
-13.1408,-82.936,25.9104
21.3051,-67.2268,13.4887
17.0541,-71.171,14.2311
-41.6577,-103.983,28.2849
-35.5901,-98.9627,25.4038
-23.9732,-90.21,20.9281
-12.6627,-85.0846,20.9591
-15.6792,-84.1456,17.0256
-8.51405,-79.4967,13.5552
1.68704,-74.7931,10.2663
-3.85203,-76.5392,11.6244
6.72284,-71.4779,7.04323
8.25516,-70.7391,5.91933
-22.3369,-92.0011,18.1491
-51.837,-107.647,23.1023
-17.5634,-81.9264,9.74098
-19.4228,-84.1965,9.97806
-45.7782,-99.1545,14.5297
-40.3909,-94.5756,11.6557
-47.5218,-78.4416,0.0192649
-54.2946,-86.5054,4.44479
-60.7261,-94.1419,9.95642
-43.6485,-61.6734,-8.66811
-75.1662,-93.1491,9.8198
-107.881,-100.925,26.0505
-105.641,-98.3264,21.3083
-68.8357,-69.8815,-7.0396
-91.6027,-75.3178,-4.89645
-100.077,-79.0532,-0.519911
-116.061,-86.1573,13.2912
-111.555,-84.7912,9.40376
-94.8303,-76.7508,-2.78246
-80.5156,-56.5373,-17.2067
-69.5266,-50.371,-18.5914
-63.0387,-47.8812,-19.4446
-83.6854,-73.4288,-6.76273
-93.3143,-81.5142,3.31684
-72.7857,-64.2386,-13.2331
-52.2233,-40.3314,-17.3505
-53.5871,-55.5158,-12.0636
-51.9305,-56.2306,-12.0483
-57.9622,-60.2199,-12.1788
-42.4866,-33.8805,-15.2901
-39.9697,-26.0187,-15.0128
-38.346,-21.1574,-14.8544
-42.4206,-43.2257,-14.9834
-37.9349,-18.2605,-14.8755
-37.8998,-20.2394,-15.1407
-44.3471,-50.7025,-12.5016
-38.0719,-25.3857,-14.8435
-49.3142,-58.0419,-11.2281
-42.8066,-46.3135,-12.7816
-45.4605,-58.4068,-9.30039
-63.042,-76.2329,-1.38421
-40.7517,-54.0742,-10.1124
-50.2798,-61.7919,-9.12597
-38.3129,-45.9391,-11.9482
-45.6361,-55.3576,-10.9893
-35.2612,-35.9549,-12.9268
-40.7129,-48.2723,-12.5198
-31.6192,-24.0888,-12.8783
-37.7135,-46.5486,-12.7964
-29.5962,-20.0428,-12.4246
-39.9929,-50.1875,-12.0436
-30.2649,-27.5608,-12.3011
-35.3108,-37.2503,-12.7208
-44.2238,-48.9017,-14.0544
-47.7249,-72.1381,-3.41082
-43.7204,-70.4279,-12.6691
-30.4402,-55.7771,-10.9073
-21.8106,-46.7404,-14.1855
-25.7556,-54.0308,-17.3229
-13.3707,-38.3143,-16.4036
-15.6027,-47.2666,-17.6029
-10.9439,-44.9677,-17.0259
1.83611,-28.3124,-16.6673
-9.10588,-45.7649,-15.1026
6.85404,-31.5988,-12.9218
-18.1444,-63.9499,-3.10059
-1.22336,-43.905,-13.5277
-21.2313,-70.8076,1.00016
-10.4746,-55.4807,-15.0154
-22.3252,-75.7067,4.5769
-6.61894,-72.3858,0.556491
-13.2285,-76.3636,7.12035
-6.49575,-73.3375,6.08456
1.12222,-69.1215,3.9987
13.1907,-60.4282,-0.910811
28.8235,-55.9285,-4.86701
18.2719,-55.6328,-4.42217
-5.39168,-75.9696,7.98948
9.48092,-71.2631,1.75513
-4.55718,-73.7811,7.33471
21.9435,-60.9914,-0.227484
26.1976,-50.4385,-6.86845
32.615,-45.5753,-8.62832
21.895,-54.4435,-6.40083
66.3199,-27.2228,-12.8977
60.9891,-36.9346,-7.47113
63.7292,-32.4451,-9.65061
20.8397,7.23699,1.42614
25.0556,5.89464,-0.0502815
26.8931,0.349972,-3.30004
40.3224,-7.08877,-7.39543
19.8075,-41.0333,-7.92367
21.5301,-43.0519,-7.99091
57.1347,-29.2391,-13.0359
18.6794,-68.875,-2.2793
20.6794,-66.5042,-1.99562
32.6749,-55.5351,-3.95292
38.7837,-48.5815,-6.0012
34.1921,-48.7935,-11.3475
8.32896,-76.0164,-3.23894
-10.9406,-79.6583,3.49707
-29.2958,-90.4891,11.3548
-47.4059,-103.985,17.8287
-37.2207,-99.8334,21.0392
-32.4797,-98.1745,21.6207
-46.6191,-105.739,24.2822
-62.9025,-117.855,33.3682
-45.6845,-107.279,27.7927
-60.4782,-116.74,38.1581
-69.1019,-118.649,32.2328
-50.4916,-110.179,27.1376
-44.6344,-103.772,20.3133
-63.4265,-112.62,24.9625
-46.404,-81.2324,-0.0637721
-44.8608,-73.1922,-4.7422
-59.5563,-91.4374,4.79591
-50.5837,-77.7975,-2.04377
-78.8683,-83.7327,2.90574
-114.856,-95.324,30.2518
-118.729,-90.0016,29.7895
-120.317,-86.4526,38.3486
-95.9122,-91.6431,11.3898
-97.9166,-95.8104,14.5722
-80.0808,-115.937,45.2292
-28.7655,-85.383,34.3176
-35.4143,-88.5235,37.1898
-24.0792,-81.9664,32.5221
-19.7443,-79.1209,31.0244
-26.1599,-82.5461,34.1544
-15.161,-76.2835,29.4898
-9.02672,-73.2217,27.1945
-4.55667,-70.7838,25.4239
-10.1592,-74.8953,28.6152
0.24041,-68.6323,23.9494
-5.36274,-72.5023,26.6965
4.90129,-66.6534,22.381
6.22417,-65.851,22.8167
10.6883,-63.2697,21.4345
25.8926,-56.0412,17.5139
30.4203,-53.6196,16.4207
37.2637,-49.6622,14.8663
42.9889,-46.2922,13.6246
54.9914,-38.5067,10.7013
50.6719,-39.6547,14.7586
62.0484,-33.6447,9.31173
65.9664,-28.5176,11.2441
44.262,-38.9587,20.1866
59.6563,-32.0391,14.0441
-6.45357,-64.5818,34.9611
2.1213,-60.2169,33.0679
-19.8054,-72.2394,38.6348
-13.5109,-67.5244,37.024
-18.0884,-69.3953,38.3065
-20.9387,-70.5853,39.1238
-20.2912,-68.928,40.607
-17.9017,-70.5992,40.6526
-7.81126,-61.1717,37.8411
15.0359,-49.23,34.1855
23.7657,-42.9786,35.0604
44.6392,-30.2579,28.741
45.5458,-26.8551,31.0386
38.0135,-30.8843,34.1916
13.9142,-43.1565,41.9825
-14.1607,-58.2751,47.6237
2.28513,-48.6922,44.5034
-23.7594,-63.7568,49.6273
-31.2682,-69.1495,50.7341
-17.5996,-58.3023,47.6068
-36.0583,-74.5956,51.5738
-24.7953,-62.6483,49.0136
-33.8715,-74.4545,50.2119
-23.3129,-63.3227,47.9504
-27.7098,-70.602,47.8267
-17.5866,-60.7333,46.4055
-14.7915,-62.7761,43.6737
-3.77819,-56.3279,41.1556
6.19647,-50.145,39.4701
18.9585,-43.2344,36.9278
14.4037,-45.6337,38.1328
27.9855,-38.7841,34.1316
33.7277,-37.579,32.5448
8.87683,-50.5311,39.0399
13.1734,-49.8972,35.701
-30.1972,-72.5836,48.5992
-56.974,-96.6498,54.0627
-48.4198,-88.0396,50.7987
-56.9707,-99.436,49.1253
-38.7151,-87.0069,43.3296
-41.6996,-93.2231,38.9127
-33.2448,-89.3329,33.3113
-21.8698,-81.8667,31.0102
-13.9899,-79.302,24.2827
-23.0859,-84.4652,26.1986
-10.531,-78.4144,20.615
-10.0596,-78.9965,18.7676
-16.9166,-84.9613,20.8254
-32.0373,-97.7705,26.7403
-35.9107,-101.786,28.5323
-55.5194,-113.137,41.0064
-67.2519,-119.748,41.502
-49.5616,-111.416,30.7617
-56.2937,-111.985,26.3508
-69.0025,-98.6613,12.7955
-80.1343,-98.9804,15.1211
-85.6709,-101.116,19.2599
-102.861,-90.0229,13.5748
-109.63,-87.9534,9.95176
-111.648,-94.0537,16.1856
-114.082,-94.7328,20.6808
-136.652,-59.017,41.2554
-150.425,-56.1644,42.3393
-97.5945,-0.571792,53.9942
-90.2861,-4.47004,59.7991
-83.5569,-11.1529,66.5133
-69.5006,-8.32212,66.9997
-73.6395,-56.6281,76.8733
-79.3197,-35.9328,58.3315
-67.5376,-7.94027,34.4626
-59.1664,-2.04955,25.6249
-55.6525,1.55453,37.7451
-53.6076,2.29835,18.7942
-51.5541,3.92617,31.6944
-52.2758,4.62008,14.3793
-51.6762,5.07989,26.9337
-56.9631,5.83795,11.6387
-65.1352,3.72078,14.193
-92.5499,-18.4091,27.3227
-99.8399,-37.8807,35.5407
-98.758,-44.9247,39.0603
-91.5512,-41.6323,44.5004
-85.3502,-34.2858,41.9638
-78.4611,-27.3242,38.7075
-73.1645,-21.8243,34.8508
-69.5232,-17.5645,30.329
-70.1916,-13.4262,30.7975
-66.4226,-9.80471,21.2929
-68.4932,-7.73588,26.389
-64.8016,-5.42818,17.3588
-68.0397,-3.85867,22.9674
-77.9452,-17.5704,24.405
-80.404,-17.3644,28.079
-87.2714,-30.3204,31.4965
-92.7961,-39.846,39.7615
-49.219,-17.6203,55.9027
-35.3177,-8.83551,53.262
-32.9143,-11.9799,54.6991
-40.4237,-18.4588,55.9834
-38.5544,-8.65322,48.1808
-43.6599,-21.9756,57.5751
-41.3599,-11.3701,48.8744
-44.8054,-24.4003,58.4609
-42.9924,-13.2861,49.4854
-43.5778,-24.8614,59.3191
-38.9975,-23.4554,60.4403
-39.2573,-12.8689,52.3424
-25.6455,-15.2637,62.801
-18.3147,-9.75622,63.16
-8.52128,-2.07766,62.1602
-2.13489,4.59824,59.4065
-2.60654,9.54462,56.4991
-5.44687,9.64587,48.9001
-12.4163,4.3716,50.7154
-19.6993,-2.13705,52.7474
-18.5047,5.58922,46.0151
-22.8122,2.14049,46.6721
-27.2078,-13.3085,56.1197
-19.5365,-8.67258,57.6753
-12.6688,-3.79813,59.4106
6.84225,15.5256,47.8666
1.86052,11.6643,49.1592
6.54985,9.12091,53.7337
13.6136,13.0244,54.3701
33.3431,-1.30795,-4.50213
53.5518,-10.1861,-11.6293
23.6264,-41.808,-6.41543
37.4424,-31.8634,-10.7315
14.4267,-43.9927,-6.71259
16.2913,-42.2109,-6.94527
1.1187,-35.0325,-6.92792
-16.9252,-39.6039,-7.95303
-20.2665,-38.3473,-7.51115
-8.54291,-36.8062,-5.84779
-17.0503,-36.2612,-7.80127
-5.2514,-34.0226,-6.30305
-9.97674,-33.7734,-7.6956
1.89259,-30.8273,-6.5793
10.8977,-27.1447,-7.26208
18.9764,-23.0658,-6.77135
23.9686,-21.2348,-6.74821
18.7414,-21.2293,-4.72562
8.37997,-22.8272,-5.13067
16.4485,-23.2625,-7.24757
0.253384,-29.9831,-7.19303
-21.6338,-35.5882,-9.31679
-29.7695,-37.6114,-10.3436
-20.3967,-38.2211,-9.16571
-33.2344,-36.8354,-11.7721
-21.8451,-37.589,-9.06714
-30.7836,-34.3141,-11.3422
-18.2842,-35.2085,-8.20858
-23.8182,-31.4622,-10.3937
-13.9069,-28.55,-8.72061
4.77516,-26.404,-6.575
15.0883,-21.2914,-6.2421
23.0604,-16.7649,-5.99011
28.1325,-13.851,-6.3886
16.1007,-15.2021,-5.8523
1.54225,-15.4536,-6.96493
15.0452,-12.9139,-7.91425
-10.5532,-17.6537,-8.47988
-23.4066,-20.7576,-11.6666
-34.7942,-23.1695,-14.9797
-23.2726,-22.3008,-14.3802
-34.0363,-25.0606,-17.2332
-42.3235,-20.4631,-18.3889
-31.4254,-21.9586,-15.7194
-34.3289,-16.8636,-15.24
-18.3823,-12.1115,-9.80841
-5.01651,-10.353,-9.02228
-7.06957,-8.73457,-6.33124
1.85939,-6.76415,-4.36644
6.38793,-6.29865,-3.69643
4.18626,-8.14468,-5.32659
-2.66917,-9.50952,-5.97152
0.300297,-6.0912,-4.60609
-21.8244,-14.7229,-9.29951
-15.4267,-13.7791,-7.39416
-31.6254,-18.1843,-13.0445
-22.7562,-17.7611,-9.45155
-34.9019,-19.2356,-14.1617
-25.9067,-20.0032,-10.204
-30.962,-17.2514,-12.3506
-18.3933,-18.4528,-9.47198
-23.4847,-13.9026,-10.2911
-14.1274,-9.89658,-7.92134
1.05514,-8.85559,-6.09375
19.8827,1.36053,-2.93238
8.41952,0.089799,-1.88684
2.71661,-1.58973,-2.74514
-6.79673,-4.21527,-4.58891
-20.1994,-6.83971,-6.87103
-9.63901,-4.94953,-6.70157
-28.0938,-7.96285,-8.84792
-32.7286,-6.88795,-8.82816
-26.0175,-6.72076,-5.92827
-35.4911,-6.11081,-9.14186
-29.3933,-6.16999,-5.57826
-34.7251,-4.34988,-7.70382
-25.1721,-2.76202,-4.39086
-28.8677,-1.84616,-5.57325
-17.7088,1.14387,-2.66193
-21.0334,2.5571,-2.50406
-7.88854,6.08707,-0.306065
-12.3253,8.33027,1.79165
5.79013,11.4077,2.1187
-1.7687,13.5765,4.28117
14.2112,14.8465,4.08486
3.40676,13.9374,4.24979
-0.0279981,12.5906,4.12329
-9.76054,9.60272,2.7895
-18.7969,6.73974,1.6699
-32.1018,3.28169,0.0354661
-36.9169,2.70123,-0.78485
-26.3501,4.1717,1.54362
-35.6669,4.91255,1.28301
-22.5934,7.44618,3.55655
-30.5815,7.37725,4.21328
-18.0796,11.0346,6.65251
-19.98,11.9563,7.5556
-17.6007,14.1308,9.58223
-41.7551,4.18881,0.780464
-45.6249,3.85487,1.16179
-45.1396,6.4312,2.8431
-41.3637,9.3204,5.57207
-29.512,10.2029,9.43199
-13.5584,19.1987,18.3894
-26.4956,13.6115,16.8044
-33.4172,11.1991,14.9058
-44.5379,8.15327,13.8428
-22.1461,16.4028,21.9962
-1.40366,23.682,24.6053
-49.7616,5.69965,19.0463
-46.9422,7.97562,23.8964
-12.8943,20.1064,21.3112
-48.0065,7.74662,21.0579
-16.4994,21.4903,25.9641
-9.34671,23.4267,25.9892
-14.025,18.9679,27.7054
-7.24064,21.8247,28.9988
-3.23969,25.0295,27.6963
-10.2727,20.651,29.3675
-14.9971,15.1896,33.6404
-8.75085,17.4316,37.1223
-16.5795,7.4973,42.9378
-7.60734,11.2457,44.2043
2.77,16.6181,44.7453
7.46428,18.9546,45.6371
-4.30917,11.4772,46.8539
-4.65806,13.0413,44.6914
-10.412,10.2933,44.9176
-22.8164,-3.35945,49.8189
-18.245,-0.93989,50.575
-0.453661,13.9745,46.3948
-10.6323,6.92152,47.0975
-22.3228,-1.36431,48.7844
-28.2944,-5.66844,49.0958
-13.8988,8.67143,43.5117
-32.7692,-7.89631,49.426
-18.8932,7.10389,43.9271
-35.1901,-8.03692,49.1245
-14.8574,3.81626,50.9083
3.0431,23.8532,46.3342
4.45222,18.313,47.9976
-62.0482,-24.9692,52.6623
-63.4875,-27.1701,53.1132
-52.7373,-23.0086,54.8309
-42.3688,-17.8224,55.5545
-29.9305,-2.58423,47.999
-26.6121,-9.76938,54.513
-14.0466,4.80477,49.2924
-2.65545,9.33416,50.7655
-7.29742,-1.47349,53.5906
-1.11281,2.68453,52.4821
-4.65592,2.97735,51.2117
9.67869,14.5378,51.6754
-9.91196,-0.130901,51.1684
4.48279,10.2627,51.3537
-16.9459,-5.28049,52.63
-26.6967,-12.088,55.2569
-13.3121,-2.47834,51.9133
-29.7262,-13.4459,55.0918
-55.7568,-29.2189,60.3008
-31.736,-14.2505,57.3089
-21.0677,-8.56239,56.0226
-22.3258,-16.5916,59.3639
-12.324,-4.34388,55.8498
-15.9349,-13.3124,59.1293
-13.3253,-11.9203,58.9055
-14.8351,-12.3435,57.518
-4.05095,-0.533821,54.1623
-20.0824,-15.2643,58.209
-8.01698,-4.19162,55.5406
-29.3083,-20.7266,60.6271
-16.5289,-10.3434,57.9043
-40.9664,-28.3206,64.6916
-31.9885,-20.0217,61.4976
-45.6038,-28.1651,63.4901
-76.5766,-55.8665,72.125
-71.4505,-41.6495,65.5229
-48.2045,-20.2293,57.9783
-48.8446,-26.5924,59.6331
-44.07,-20.921,56.3408
-34.0893,-7.81441,51.234
-42.5494,-16.4401,53.3611
-30.9095,-3.71478,48.3986
-47.9991,-14.1647,50.0935
-33.4066,-3.15862,46.979
-53.1452,-13.3311,49.1362
-95.9036,-50.629,50.9344
-87.793,-34.0277,46.0488
-88.1153,-30.187,41.9211
-88.2908,-37.4679,49.047
-50.5521,-1.46672,36.6318
-58.088,-8.29554,41.1677
-44.7623,2.01981,35.5704
-49.8351,0.422819,34.8546
-99.6592,-21.8865,30.4475
-95.4226,-17.4489,32.1158
-95.3511,-26.8045,36.7282
-64.6703,1.23445,20.304
-82.2822,-3.42136,23.2388
-110.191,-44.5707,33.6967
-103.299,-21.6859,27.3322
-76.5221,-2.47935,21.9587
-79.6925,-8.19377,26.3405
-109.151,-39.3858,32.4385
-106.561,-26.4569,25.7103
-96.4824,-21.1471,33.2632
-89.9556,-10.5451,24.7805
-69.8333,0.862224,21.0517
-50.9074,8.02522,21.3836
-108.741,-51.8336,43.4831
-70.8105,-14.6998,40.9081
-63.3882,-14.4391,43.8184
-48.0511,-3.77666,39.7268
-45.9509,-4.00623,41.1227
-63.7353,-18.3517,46.6485
-49.583,-7.72732,43.3583
-72.1713,-26.1476,51.507
-58.6046,-14.7593,46.6851
-83.5589,-36.9083,54.0086
-80.4859,-41.2742,57.2138
-64.0152,-29.8361,54.8922
-51.3652,-18.1638,50.78
-53.0358,-20.7861,52.5377
-60.4717,-27.5975,55.2501
-82.733,-48.8928,61.5335
-73.6167,-42.6431,61.6717
-64.9059,-37.3382,61.1362
-58.4424,-34.5076,61.1484
-53.934,-33.0499,61.9295
-68.8288,-46.7046,66.3891
-58.5313,-38.2318,64.5069
-95.3562,-74.2899,71.7559
-79.0855,-45.5999,60.3352
-67.4887,-34.1151,58.3794
-64.0011,-30.9029,58.5087
-92.7286,-57.9129,59.9872
-92.5245,-68.7939,70.9324
-72.0323,-50.0062,68.4447
-94.1818,-77.0925,79.573
-87.2475,-67.5898,73.9207
-78.3628,-54.6745,68.9831
-63.7905,-40.1883,65.153
-80.2316,-51.6093,65.5778
-61.0771,-37.7101,63.9887
-71.6539,-43.6557,65.4269
-97.7173,-69.4502,68.2939
-106.277,-80.7271,66.5355
-69.0317,-36.0636,58.7518
-89.7151,-53.9801,60.4255
-102.621,-67.203,59.7834
-97.4239,-62.4888,60.9532
-86.0231,-46.9489,57.407
-97.2918,-58.0659,57.1691
-96.0194,-53.4942,53.3081
-112.532,-86.3752,56.6464
-110.978,-87.6905,52.302
-112.237,-96.2219,43.2288
-117.713,-96.6661,36.0804
-119.461,-67.402,46.8707
-115.962,-59.3007,37.821
-129.196,-82.7033,29.7807
-118.985,-103.952,29.9346
-102.328,-104.551,23.103
-86.905,-112.718,27.0922
-86.2049,-116.285,31.6535
-92.6487,-111.684,28.9896
-96.155,-105.62,24.5784
-98.2668,-113.456,35.5801
-110.988,-102.941,39.6807
-111,-101.14,53.6681
-115.3,-88.496,48.9744
-114.907,-83.0075,50.7448
-72.8256,-27.549,62.8078
-58.1965,-9.19696,63.5569
-64.5748,-5.31011,62.834
-51.1911,0.580614,61.4128
-25.7526,31.3229,44.3837
-15.104,15.8083,11.0297
0.287942,20.0806,8.89998
-10.6048,16.0546,9.9073
18.456,4.8258,-1.89332
12.3454,0.443527,-2.89276
13.785,-4.46142,-3.61809
-3.9989,-10.9253,-7.64937
7.73893,-9.31632,-5.22937
-7.27531,-15.1089,-8.83547
4.39786,-13.3101,-6.10219
-6.82101,-18.5262,-9.45193
4.85784,-16.3168,-6.63497
-2.47643,-20.7254,-9.93618
8.14766,-20.1735,-8.64316
26.5784,-18.2603,-7.84232
33.835,-17.2494,-7.96405
39.0785,-18.8228,-9.89729
11.6015,-31.7465,-7.30133
24.1582,-29.4931,-8.4027
5.45189,-34.6114,-6.09853
17.4693,-33.4108,-6.77818
2.85561,-36.3006,-6.09143
15.086,-36.6915,-5.64372
8.25159,-34.952,-6.42795
15.7557,-31.5991,-7.39605
26.5122,-29.7058,-7.24646
42.7796,-22.9914,-10.0455
35.8513,-27.849,-8.44068
27.6293,-32.2455,-6.81199
2.1335,-39.9401,-6.50527
17.835,-36.7404,-5.70955
-2.00026,-42.5183,-5.58292
-1.53009,-40.966,-6.03177
11.7549,-37.4217,-5.8605
2.41343,-37.2578,-7.28386
15.1116,-34.4476,-7.04384
9.06651,-32.5386,-9.39522
25.7456,-24.5363,-9.12278
36.8205,-18.9398,-11.5217
-7.23201,-49.1876,-5.92706
1.86266,-48.1653,-4.92062
-12.9868,-54.9973,-3.82847
-10.7572,-54.0619,-3.77705
-5.39026,-51.8126,-4.44007
2.18374,-49.2967,-5.63089
15.0597,-46.2629,-6.86718
29.5793,-40.1531,-8.40107
29.1941,-38.2751,-8.63141
12.4423,-47.6894,-5.70181
-14.6388,-61.5338,-1.14361
-4.19104,-56.5612,-2.86687
-9.1258,-58.8593,-1.78859
-22.0576,-64.0745,-0.745209
-10.3007,-56.0391,-3.89261
-15.784,-55.5127,-5.01888
-4.09764,-47.9295,-6.68656
-8.83431,-48.9068,-6.42807
-1.07241,-43.7145,-7.19186
8.83986,-41.5402,-7.10706
7.11043,-45.7146,-6.22873
1.48363,-52.566,-4.55089
14.294,-40.0453,-7.18848
-14.9247,-68.4723,1.9433
-2.37325,-61.8367,-2.24751
-21.1748,-73.3239,4.14606
-14.813,-72.6707,4.87684
-30.3383,-80.6874,6.96637
-18.1819,-75.3471,6.61065
-15.236,-75.4527,6.4615
-16.7858,-71.7916,3.58316
-3.07828,-68.4858,4.00051
-8.70238,-68.0243,1.95561
4.31719,-65.0043,1.76479
-5.23093,-66.1757,1.74421
7.69213,-63.3448,1.41622
-2.77626,-66.6642,2.83562
10.4823,-61.5424,1.56645
-5.01341,-70.9407,4.25898
-8.79709,-74.9174,6.24266
5.43923,-66.5837,3.41209
-14.7865,-79.1655,8.47575
-0.950176,-70.8956,5.69349
-21.7755,-83.6951,11.0092
-8.64458,-76.4231,9.20707
-29.6902,-88.9223,14.0226
-17.3447,-82.8561,14.1598
-32.3879,-92.1333,16.1603
-20.4918,-86.0703,17.4198
-28.0872,-91.6335,19.8894
-19.7947,-85.3587,19.4469
-12.7011,-80.7934,18.4546
-2.73127,-78.3753,21.6603
-6.37872,-77.6336,18.7525
-1.13065,-76.0785,19.9162
13.8878,-70.1842,22.9228
6.20244,-69.3909,27.6455
15.9887,-65.2504,23.0252
-7.43279,-69.0216,32.4788
-13.3521,-71.5966,33.2416
-16.2343,-71.2414,34.5623
-6.51633,-64.3052,33.4532
-11.675,-68.2319,33.8531
-1.52597,-61.4278,31.9423
-4.62472,-63.7299,32.6829
6.00434,-56.974,30.276
3.46668,-58.8892,31.9302
14.2649,-52.4404,29.347
12.4548,-53.0416,30.8779
23.6578,-46.8536,27.7503
17.2713,-49.7667,30.1577
29.1318,-43.5285,26.6956
19.7047,-48.0156,30.214
31.912,-40.9074,27.5568
27.3204,-42.9804,28.6281
9.59716,-50.8657,34.2597
19.7808,-46.5447,30.7338
0.884578,-55.9073,35.267
10.4405,-51.7675,32.9273
-11.1258,-62.9661,37.7797
-2.33205,-58.0817,36.0705
-19.1537,-67.3016,40.2496
-10.4527,-61.7853,38.5303
-24.2406,-70.0927,41.6551
-15.5457,-63.6228,39.7464
-25.8933,-70.7962,41.5556
-16.9825,-63.977,39.8306
-22.0958,-68.6414,39.2606
-12.848,-61.2896,38.91
-15.963,-65.6081,37.9762
-5.86161,-57.6816,38.2824
-7.6058,-61.2023,36.7727
3.2082,-53.5515,36.7616
0.933815,-56.3962,36.4267
14.594,-47.494,33.8655
10.0209,-50.158,36.1163
21.7157,-43.1308,32.2897
26.5046,-40.1734,31.8459
15.0643,-45.9737,35.7318
12.9405,-47.6394,35.3804
4.53853,-54.3893,34.8218
14.8912,-49.3968,32.477
-5.80556,-60.4328,35.9852
-31.3503,-77.7075,41.7153
-23.6589,-70.6399,39.9618
-34.1714,-80.3361,42.1733
-26.1731,-72.8828,40.3365
-31.0819,-79.8759,40.5422
-23.2513,-76.7538,37.7127
10.7775,-67.0669,27.813
4.84488,-70.8894,20.7115
15.4509,-67.5946,17.7074
1.70412,-73.4117,18.8962
-4.4974,-77.0278,17.5292
5.7566,-73.7283,13.5748
-6.20029,-79.6665,13.9623
-24.9807,-89.4664,18.7688
-14.7371,-83.6689,14.7809
-31.2466,-92.7498,18.1999
-34.9188,-93.9146,16.627
-24.5819,-87.8402,14.7248
-36.1502,-92.9267,14.3826
-25.0297,-85.9066,11.57
-29.4988,-84.1364,7.61919
-19.1246,-75.3677,3.21823
-15.3844,-68.2536,-1.34266
-9.89354,-59.3135,-6.24719
-6.54457,-54.6925,-8.35486
-5.59197,-52.7762,-9.41823
-15.5264,-61.22,-3.97488
-7.13567,-52.2262,-9.32928
-17.9269,-61.3586,-3.79395
-16.7185,-56.1764,-6.05865
-26.2522,-68.5834,-1.65607
-30.1664,-71.6213,-0.570228
-23.4905,-61.183,-3.80089
-35.0375,-74.7591,1.14382
-29.6314,-65.0504,-2.57957
-36.038,-72.7603,-0.588205
-33.8023,-69.6498,-2.43913
-26.8069,-57.3714,-7.65583
-24.95,-54.1027,-10.2469
-31.2908,-62.118,-5.82785
-23.9221,-51.6478,-11.9326
-31.5135,-59.4217,-6.75778
-25.062,-49.9848,-12.0403
-32.8055,-59.034,-6.59077
-27.2385,-49.9272,-11.2096
-29.9462,-50.8285,-9.92402
-33.3711,-52.5931,-8.67821
-42.0303,-62.9757,-5.61444
-38.0671,-54.8947,-7.65444
-42.8383,-58.8538,-6.70384
-47.7651,-62.8132,-5.91391
-57.9665,-75.7664,-0.610859
-64.0844,-79.7128,1.59568
-59.7847,-73.8979,-2.0354
-70.4277,-82.3753,3.55836
-75.6989,-86.549,6.77994
-94.3249,-98.2894,18.0991
-83.0839,-95.1406,13.7495
-88.8263,-94.1407,13.4929
-78.2008,-91.1292,9.99423
-72.9697,-79.7749,1.9651
-65.244,-75.0549,-0.999407
-66.4634,-72.9092,-1.97016
-56.1895,-64.3206,-8.13858
-48.1504,-54.3724,-10.4417
-47.704,-51.0506,-12.664
-61.9805,-62.7786,-13.2178
-37.1171,-41.2893,-13.8187
-40.5913,-45.2668,-12.6787
-28.7637,-36.2684,-13.5222
-31.1281,-39.129,-11.7638
-19.1081,-31.458,-12.6895
-25.9005,-36.8135,-11.1355
-13.901,-29.5743,-11.0267
-22.4397,-35.7357,-10.3053
-10.4341,-28.7701,-9.43178
-20.7894,-35.6414,-9.51497
-8.74083,-28.7879,-8.14415
-19.7641,-35.7083,-8.67492
-6.66672,-28.9105,-7.6106
-18.4598,-35.3937,-8.55133
-16.2097,-34.3042,-8.07752
-1.84197,-27.9111,-6.76168
-4.83818,-28.2207,-6.69387
5.11081,-22.6173,-6.89008
14.5558,-18.9858,-6.86256
33.9374,-12.45,-6.7622
41.7303,-9.27967,-7.5371
45.0312,-12.6105,-10.0567
34.0924,-22.4886,-8.6874
37.041,-25.1655,-9.44261
49.2646,-26.064,-12.987
45.3047,-30.5878,-11.0904
53.188,-36.7619,-12.1222
59.5249,-22.0426,-13.8495
70.7964,-16.4468,-16.0532
-2.67899,15.4897,6.60619
-15.964,10.767,6.38167
1.14613,17.2043,6.48363
-11.5515,12.9155,6.94345
4.05095,17.2195,6.46287
-4.95239,16.0563,7.87675
4.04578,19.9237,9.11608
-34.6104,6.72129,7.46638
-26.3687,9.56812,5.81035
-23.2309,10.879,6.62779
-5.09242,20.5879,10.1635
-22.9315,11.7106,8.69724
-29.6421,8.51858,6.44859
-25.2983,12.0259,8.12058
-36.565,6.09149,6.93845
-27.7379,11.1202,7.86616
-19.7793,15.7626,13.4975
-31.1368,10.393,11.8662
-39.5201,7.30108,11.491
-22.6267,15.3313,14.7116
-13.1926,19.4791,15.9804
-19.6948,14.7167,11.4598
-27.335,10.8764,10.219
-34.6734,7.50922,9.395
-36.9868,6.48983,9.72839
-33.7636,9.1459,11.921
-27.0315,12.4865,13.1385
-11.9804,17.7925,13.9216
-23.4224,13.4428,12.5552
-43.6674,6.69497,11.6623
-21.2047,16.6348,16.6287
-5.95883,20.503,16.4088
-1.94164,24.1996,16.4468
-16.2066,17.0788,17.8342
-24.867,14.7298,19.0577
-15.9517,17.8598,21.304
-4.8446,23.9778,20.0704
-14.3415,19.4467,24.873
-23.0145,15.9012,25.2407
-29.7759,12.882,26.1624
-33.7339,9.81188,29.308
-30.2674,10.6115,31.6086
-20.375,17.7723,27.0034
-24.0395,13.1844,34.5169
-14.6025,19.7215,29.6897
-7.25189,22.4711,33.8208
-5.3121,19.3933,38.7267
-44.7317,-8.89728,47.514
-36.7281,1.36991,42.52
-34.7815,3.82949,41.4664
-34.559,-0.900566,44.9172
-28.2867,8.41235,40.8051
-23.6507,6.58208,43.2514
-17.0145,15.3376,39.3774
-15.3819,11.3993,42.0899
-7.98985,15.0528,40.9736
-1.49787,18.194,40.646
4.20368,22.8028,40.4962
-9.43979,15.4134,43.0956
-23.2618,5.02178,45.7109
-26.3695,1.09468,47.0652
-26.8787,-1.16406,48.4931
-21.9186,9.31316,46.4262
-24.7032,-1.78433,49.4295
-21.1616,8.06588,48.4708
-20.5776,-1.48806,50.5633
-18.0938,7.58749,50.4032
-13.7127,1.13694,51.8456
-0.839304,7.40957,50.9209
-9.66179,-0.655837,52.8473
-15.7842,-6.32308,54.2086
-23.089,-13.2642,55.5572
-26.2834,-16.5342,56.6666
-21.4868,-7.71408,54.8205
-27.6551,-18.0689,57.2654
-23.6213,-9.46291,55.6341
-23.2715,-16.9607,57.5996
-17.4391,-14.501,58.2261
-15.1375,-6.53003,57.7363
-9.68992,-10.2932,58.9875
-7.31188,-2.30068,59.5224
-0.864203,-4.45229,59.4601
2.65184,3.85035,60.7951
7.74487,1.63637,59.8704
21.8664,9.95211,59.1792
18.0387,6.05827,60.3016
12.6415,1.44761,60.6604
7.37237,-3.03025,60.5621
17.122,8.8905,62.0973
2.30018,-7.79195,60.2992
9.56086,-4.88709,61.9808
17.0418,-1.21178,62.4025
22.2322,7.46183,63.2635
36.0266,6.98888,60.6269
42.1501,-5.86136,47.1178
19.9205,-9.44709,59.5767
35.9803,-2.80536,53.4155
28.3272,9.35744,65.0455
34.8137,-1.76968,57.3646
38.3097,-8.84289,48.9468
30.1075,-9.05248,53.5456
24.7172,-10.2722,56.6011
36.6295,-6.8995,51.0257
50.2722,-8.73458,39.8548
57.2523,-9.90249,32.7335
53.3213,-14.6213,32.2276
63.9853,-11.4845,23.6431
56.6642,-15.8614,27.6814
66.6765,-13.3991,18.87
94.2082,-119.211,-145.777
82.1531,-123.006,-142.429
97.1104,-118.095,-146.224
85.2785,-122.113,-142.429
103.361,-116.086,-147.34
94.4314,-119.881,-143.991
116.979,-110.728,-150.242
103.361,-116.309,-147.117
127.025,-105.37,-153.144
112.291,-111.844,-150.912
137.294,-97.1104,-155.6
122.113,-105.147,-154.707
141.089,-93.092,-156.27
126.802,-101.798,-156.716
142.652,-90.6363,-156.716
129.257,-99.3428,-158.279
142.429,-90.4131,-156.27
129.704,-98.0033,-159.618
138.633,-94.4314,-153.814
125.909,-101.352,-158.055
133.052,-98.8963,-151.805
119.435,-104.701,-155.6
125.016,-103.138,-150.019
110.282,-108.272,-152.474
115.863,-106.487,-148.233
97.5568,-112.514,-147.34
105.594,-109.389,-145.554
91.0828,-114.3,-144.214
101.798,-110.058,-145.107
87.9574,-114.97,-142.429
101.129,-109.835,-145.554
88.1807,-114.523,-142.205
103.808,-108.719,-146.224
91.7525,-112.961,-142.652
111.398,-105.817,-146.893
101.129,-109.389,-144.661
120.104,-101.129,-148.01
111.175,-104.924,-146.893
129.48,-95.3244,-149.349
120.774,-100.459,-148.679
137.964,-89.7434,-150.019
127.695,-96.8871,-149.572
143.991,-85.9482,-150.019
132.159,-94.6547,-149.126
147.786,-83.9391,-149.126
133.052,-93.3152,-149.796
147.786,-83.4926,-149.126
133.052,-92.4223,-151.581
145.777,-84.3855,-148.233
131.936,-91.7525,-153.591
141.759,-87.2877,-146.67
127.918,-93.5385,-152.698
133.499,-92.4223,-143.991
122.56,-96.6639,-149.796
126.132,-96.2174,-142.652
115.193,-100.459,-147.117
119.211,-99.1195,-141.759
106.71,-104.031,-144.438
112.514,-102.022,-140.643
98.4498,-107.603,-141.089
110.282,-102.245,-140.419
96.4406,-107.826,-139.526
110.728,-101.352,-140.643
97.7801,-106.933,-138.857
113.184,-99.7893,-140.419
101.798,-105.147,-138.633
120.104,-96.2174,-139.973
109.835,-101.575,-138.857
126.132,-93.3152,-139.526
115.863,-98.8963,-139.08
131.49,-90.4131,-139.526
120.774,-96.2174,-139.75
134.838,-88.1807,-139.75
124.346,-93.985,-140.643
136.847,-86.3947,-140.196
127.248,-91.5293,-142.205
136.178,-86.1715,-140.419
127.248,-91.0828,-143.098
133.722,-87.5109,-139.303
125.462,-92.199,-142.875
129.927,-90.1898,-137.517
121.89,-95.3244,-141.536
123.453,-94.8779,-135.285
114.97,-100.236,-139.303
118.765,-97.5568,-134.169
108.049,-103.361,-137.964
115.416,-99.3428,-133.722
102.022,-105.817,-136.401
113.407,-100.012,-134.169
98.8963,-106.71,-135.508
112.737,-99.1195,-136.401
98.673,-105.817,-135.508
113.63,-98.2266,-137.294
100.905,-104.924,-135.285
115.193,-97.3336,-136.847
104.477,-103.584,-135.062
117.872,-96.4406,-135.954
108.719,-101.575,-135.285
123.676,-94.4314,-135.731
114.077,-98.8963,-135.731
